MINS_ELAPSED,pH,pH_MIN,pH_MAX,M_BUTENEDIAL,M_BUTENEDIAL_MIN,M_BUTENEDIAL_MAX,M_C4H5NO,M_C4H5NO_MIN,M_C4H5NO_MAX,M_DIMER,M_DIMER_MIN,M_DIMER_MAX,M_NH
10.0,5.648895628647895,5.191969921965222,6.173980892954537,0.7434206669674998,0.7117747104338615,0.7755404251194415,0.04154796602735159,0.038121795471430735,0.04486639791342732,0.04675858313375703,0.04279900159513377,0.050626055593027866,0.7148212410091374
11.0,5.624580468460778,5.173604156782498,6.141081667967745,0.7306265039880955,0.698220058302515,0.7631758732140046,0.04299755227989287,0.038899754060412566,0.047093218283149066,0.0472593017029905,0.04302377102226,0.05133186510866309,0.7020270780297331
12.0,5.6007925901728095,5.15560886167155,6.110013428798563,0.7182138681599058,0.6849492302090902,0.7515137648295787,0.044135849416438715,0.03926950399494596,0.04923275148111623,0.047694815452197815,0.043178355624040834,0.05210584097961978,0.6896144422015434
13.0,5.577515028476392,5.137972939003747,6.079884626057448,0.7060510182806101,0.6719709820700807,0.7407232647964509,0.04506182975546763,0.03932618353072232,0.05120955468385907,0.048090031751634114,0.04318131159030696,0.052803464768860345,0.6774515923222477
14.0,5.554731537821004,5.120685730015497,6.050441794394423,0.6942774644953942,0.6592042837525894,0.730203813648934,0.04573885785963204,0.03928496622909688,0.05290520526061818,0.048437065386912725,0.04317153838774705,0.053523094908940035,0.6656780385370318
15.0,5.532426552687096,5.103736993326512,6.021661770269711,0.6828600656019288,0.6468542532111486,0.7199438588609495,0.046243889063205285,0.03916036576165627,0.05432217232859786,0.04873794966822838,0.04314871754553857,0.054175546411913,0.6542606396435664
16.0,5.510585155290308,5.087116884707644,5.993522421435758,0.6716727386871948,0.6348982362729574,0.7099327988436259,0.046595937460041585,0.03893505671930431,0.05549327073127575,0.04900700476870642,0.04311284485109629,0.054748414491246,0.6430733127288324
17.0,5.489193041648923,5.070815938014292,5.966002590174761,0.6607925963059351,0.6230180795258712,0.7001608592608387,0.04678184861607916,0.03853603726774902,0.05644723105965736,0.049214503790289216,0.04306414927175802,0.05524554240796657,0.6321931703475727
18.0,5.468236489561856,5.054825047207796,5.939082040244429,0.6502076067652695,0.611341866397206,0.6906189712762194,0.046868085361338165,0.03808362616714759,0.05720923929586438,0.0494062641737316,0.043003017825751486,0.055724115205435736,0.621608180806907
19.0,5.447702330660752,5.039135449393058,5.912741407252392,0.6400420172719439,0.5999989045922655,0.6812986970481328,0.04684668407706314,0.03758739199935897,0.05788676498648535,0.049525220946359305,0.04292995771638413,0.056151819205368464,0.6114425913135815
20.0,5.427577921957357,5.023738708806015,5.886962152203508,0.6300034893833915,0.5889771477716973,0.6721921472753867,0.046736510498379534,0.03705554497941477,0.05841496952105181,0.049621995494672166,0.04284555199083621,0.05650989819684658,0.6014040634250291
21.0,5.407851120045753,5.008626701689465,5.861726517985895,0.6202786789233905,0.5782651474869558,0.6632919177805157,0.04654587803375732,0.03649513720990805,0.058807996413457325,0.04968516272753209,0.0427504312935971,0.0568032818243949,0.5916792529650281
22.0,5.3885102566559855,4.993791602000297,5.837017488581037,0.610830702508944,0.5678519903295436,0.6545910369142316,0.04628422681423648,0.035912226995537117,0.059081096759744,0.04969956140795735,0.04264525202131341,0.057036793431651835,0.5822312765505816
23.0,5.369544115492573,4.979225867895265,5.81281875080108,0.6016097351741572,0.5577272513500766,0.6460829202349724,0.0459646374846452,0.0353120195922946,0.05924777876625295,0.049710158508536516,0.04253067945424496,0.057215097753600376,0.5730103092157948
24.0,5.35094191107841,4.96492222894629,5.789114658372505,0.5925997062961217,0.5478809478578769,0.6377613299424569,0.04560570051046474,0.0346989908954016,0.059320047510647435,0.04968747378975402,0.04240737444663143,0.057342646779613364,0.5640002803377593
25.0,5.332693267678796,4.9508736740397525,5.765890198200004,0.5838164366270966,0.5383035089421913,0.6296203479010856,0.04520512876746895,0.034076973006702656,0.0593085817604897,0.0496368550334359,0.04227598817041727,0.05742365922874081,0.5552170106687342
26.0,5.314788200292899,4.93707343991745,5.743130958657725,0.5752458151095532,0.528846402088646,0.6216543408525168,0.04474614394901325,0.03344925917785453,0.05922289594150405,0.049559630146925916,0.0421371506786386,0.05746210741091647,0.5466463891511908
27.0,5.2972170963951175,4.923515000319884,5.720823099767125,0.5668834722677099,0.5193063404669751,0.6138579390732013,0.044268169400472616,0.032818667784348825,0.0590714775260619,0.04945513175780285,0.041991469192948376,0.057461711559809635,0.5382840463093475
28.0,5.279970698739954,4.910192055695254,5.698953325131793,0.558704736584147,0.5100205060376899,0.6062260144166193,0.043769648762310334,0.0321876086734002,0.05886190754068641,0.04934320431146811,0.04183952415377275,0.05742594087214922,0.5301053106257846
29.0,5.2630400890858935,4.897098523440061,5.677508855509618,0.5507012610466061,0.5009802859623892,0.5987536625172847,0.043242642703934416,0.031558136766339936,0.0586009646732008,0.04921533341816847,0.04168186764206255,0.05735801861363436,0.5221018350882437
30.0,5.246416672820893,4.88422852863956,5.656477403911968,0.5428488100848883,0.4921774087841887,0.5914361865341914,0.04271171951699091,0.03093199900554465,0.05829471731910845,0.04905760064732753,0.04151902246680023,0.05726093161175929,0.5142493841265259
31.0,5.230092164379902,4.871576395278446,5.6358471521278855,0.5352153153636825,0.483603925218267,0.5842690825533775,0.04214982570907107,0.030310675073698667,0.05794859780229197,0.04890102030509247,0.041351481811521804,0.05713744157480286,0.5066158894053201
32.0,5.214058573572983,4.859136637894148,5.615606728579097,0.52769193978682,0.4752521953901273,0.577248027165035,0.04158964843390227,0.029695412958726214,0.05756747961329736,0.048721814121642434,0.04117970936717235,0.05699009411812781,0.49909251382845765
33.0,5.198308192483514,4.846903953646939,5.59574518741861,0.5204105774990498,0.4671148734479735,0.5703688659305385,0.04100898960987387,0.029087259961031182,0.05715573199975909,0.04853446805071617,0.04100413983198943,0.05682123413015418,0.49181115154068744
34.0,5.182833583045583,4.834873214782788,5.5762519887922,0.5132561590909674,0.4591848960897818,0.563627603962229,0.040426749095116614,0.02848708507907245,0.056717279348620475,0.04833432368249455,0.04078216432015391,0.05663301693398262,0.48465673313260504
35.0,5.167627565475121,4.823039461466429,5.557116980187983,0.506339462651768,0.4514554695475956,0.5570203969732032,0.03983707584413119,0.027895607758050663,0.056255643291621166,0.048118739911781935,0.04053273101790696,0.056427421772250026,0.4777400366934056
36.0,5.152683206996036,4.811397894963633,5.5383303788047495,0.4995743488278826,0.4439200589363532,0.5505435410404549,0.03924965034736251,0.027313414471387742,0.055773989821842965,0.04790010204556115,0.04028173224939542,0.056206264031451215,0.4709749228695202
37.0,5.137993811474498,4.7999438711529585,5.519882754874708,0.4929089039590303,0.43657237715837177,0.5441934679490822,0.03866148838862928,0.026740976288920425,0.055275161820318684,0.0476792260511746,0.0400295339381598,0.05597120707084835,0.4643094780006679
38.0,5.1235529092440215,4.788672894348577,5.501765015880903,0.4863583571107598,0.4294063749399773,0.5379667358183109,0.038078882321528194,0.026178666141815504,0.05476171633085675,0.04744907812015095,0.039776471564982055,0.055723773962600524,0.4577589311523974
39.0,5.109354247769959,4.777580611416902,5.483968391613834,0.4799696140386577,0.4224162311773063,0.5322233446994858,0.037495891563889466,0.025626768334697788,0.054235950131234494,0.04719838850855952,0.03952285205370268,0.05546607742689482,0.4513701880802953
40.0,5.09539178246687,4.766662806170853,5.466484420015625,0.4737665531567702,0.4155963435487761,0.526597806541945,0.036905393095434565,0.025085494638900876,0.05369992924819768,0.04694705336565538,0.03926895619052008,0.05524059824880003,0.4451671271984078
41.0,5.0816596682641935,4.755915394026571,5.449304933763798,0.4676426417385228,0.4089413197908407,0.521079052076691,0.03632248604892342,0.024554989775514204,0.05315550933397983,0.04669738404298602,0.03901504004834691,0.055006666293290936,0.4390432157801604
42.0,5.068152251309468,4.745334416908388,5.432422047549915,0.4616735120092649,0.4024459690641672,0.5156640752093326,0.035743604539341584,0.02403534434751765,0.052604359016146636,0.04644885388646375,0.038761337173478856,0.054765234804983985,0.4330740860509025
43.0,5.054864061339639,4.7349160383886755,5.415828146011473,0.4559235015302728,0.39610529421567103,0.5104177705610895,0.0351670810168314,0.02352659926587296,0.05204797684376372,0.046184451598530636,0.03850806002144863,0.05451717709900419,0.4273240755719104
44.0,5.041789804168289,4.72465653905004,5.399515872278268,0.4502204686349506,0.3899144834302967,0.5054362408644116,0.03460217623107603,0.023028754917437583,0.05148770939813667,0.04592963917747045,0.03825540165863398,0.05426329301344445,0.4216210426765882
45.0,5.028924354730653,4.714552312058101,5.383478117096997,0.4446451268447871,0.3838689030031365,0.5005446114885316,0.03403692164005802,0.022541775506423316,0.05092476197778813,0.04567350592002292,0.03800353721382421,0.0540043143832764,0.4160457008864247
46.0,5.016262750297673,4.7045998589337685,5.367708008500354,0.4392357366011497,0.3779640902182977,0.4957404232388387,0.03348420716389197,0.022065595073691085,0.050360218711779925,0.045407919561376915,0.037752625247213234,0.05374091083819897,0.41063631064278727
47.0,5.003800184401254,4.6947957855146,5.352198901989066,0.433967333134015,0.3721957462355898,0.4910213137908924,0.03293332250769868,0.021600121821230056,0.04979505037653256,0.04514341174373239,0.03750280905559391,0.053473694903064126,0.4053679071756525
48.0,4.99153200036494,4.685136798095471,5.336944371197406,0.4287156670754024,0.366559729742936,0.4863850116342308,0.03239382328344947,0.021145242191998842,0.0492301246834874,0.04487676321401034,0.03725421786791508,0.053203226508443946,0.4001162411170399
49.0,4.979453685547387,4.675619699739315,5.321938199014623,0.42361612308736185,0.3610520502948559,0.48182933191961996,0.03187360132792893,0.020700824555258776,0.04866621980274049,0.04460898217874608,0.03700696793789831,0.05293001731953224,0.39501669712899945
50.0,4.967560866106693,4.666241386749268,5.3071743691365345,0.4185795783219916,0.3556688624449896,0.4773521707886695,0.031340281600969834,0.02026671999363056,0.0481040282361524,0.04434172622082756,0.03676116363736332,0.05265453489630072,0.38998015236362915
51.0,4.955849301380837,4.656998845294028,5.292647058023141,0.4135597065675144,0.3504064597516719,0.4729515026897824,0.030820057677533607,0.019842767929212756,0.047544168691819766,0.04407655783659716,0.03651689829164312,0.05237720593847443,0.384960280609152
52.0,4.944314879026972,4.64784928120066,5.278350627239703,0.4087104891172656,0.3452612691790551,0.4686253760915016,0.03030704987868934,0.019428798822007085,0.0469871914747029,0.04380559352010383,0.03627425508033046,0.05209842011004015,0.3801110631589032
53.0,4.932953610216023,4.638549702030293,5.264279616160101,0.4040398079313707,0.3402298457861126,0.4643719074173327,0.029812353620531976,0.01902463279274057,0.04643358427713699,0.0435351764137951,0.03603330807057276,0.051818532733053084,0.3754403819730082
54.0,4.921761624937681,4.629382368347787,5.250428735012633,0.3993985868068292,0.33530886743865673,0.4601892804262264,0.02931433893520577,0.018630084138788368,0.04588378032239486,0.04326296673237124,0.03579412269958104,0.051537867759268746,0.37079916084846676
55.0,4.910735167663288,4.620344479156076,5.236792858249685,0.3948556296439196,0.3304951300178213,0.4560757424931044,0.028826946654672225,0.01824496279203981,0.045338160921221435,0.04300049732691287,0.035556756507769176,0.05125672049982129,0.3662562036855572
56.0,4.8998705931475355,4.611433312004765,5.223367018223761,0.3903684804420252,0.3257855425175528,0.4520295999713788,0.028353384441812183,0.017869073679506263,0.04479706218192063,0.04274053346602003,0.035321260024762983,0.05097535964676555,0.3617690544836628
57.0,4.889164362397786,4.602646220256007,5.210146399153521,0.3859574365055516,0.32117712261616793,0.4480492171815968,0.027884027557488932,0.01750221984662759,0.04426077864356273,0.04248045592139736,0.035087677092905736,0.05069402990392335,0.3573580105471892
58.0,4.8786130388239,4.5939806304637845,5.197126331364419,0.3816992524068801,0.3166669922307204,0.4441330135366001,0.02742952604938535,0.01714420323894399,0.04372956663460231,0.04222027225403968,0.03485604543680674,0.05041295359316368,0.3530998264485177
59.0,4.868213284571512,4.58543403986117,5.184302285789463,0.3775005825700476,0.3122523733711816,0.4402794598030304,0.026980042009947903,0.01679482427982134,0.04320364918923833,0.0419602748180387,0.034626397403018136,0.05013233285524174,0.3489011566116852
60.0,4.857961856999783,4.577004013950389,5.171669868716499,0.3733558927208325,0.3079305843693139,0.43648707708256795,0.026536919426956657,0.016453883995318552,0.04268321778969013,0.04169896462549602,0.034398760188263745,0.049852351125713706,0.3447564667624702
61.0,4.847855605309206,4.568688184190826,5.15922481676923,0.36927731629992616,0.30369903585879543,0.4327544345072704,0.02610292497078833,0.01612118438930121,0.04216843664890585,0.041444530550909145,0.03417315627424364,0.04957317422779352,0.3406778903415638
62.0,4.837891467301817,4.560484245780352,5.146962992109904,0.3652866608197509,0.29955522682752217,0.4290801462750883,0.025676537222517247,0.01579652822917505,0.04165944449141076,0.04118554793260937,0.033949604027032815,0.04929495226315485,0.3366872348613885
63.0,4.828066466308139,4.552389955525616,5.134880377852357,0.3613254168087502,0.2954967417068408,0.4254628705856911,0.025267141858158686,0.0154797204421898,0.04115635592215243,0.04092827492728483,0.0337281178724399,0.049017821719409035,0.3327259908503878
64.0,4.818377708206087,4.544403129797154,5.123244855742116,0.3574410455790755,0.29152124681860503,0.4219013077750216,0.02486381392978533,0.015170568251409952,0.04065926489625326,0.04067302443873458,0.03350870862323764,0.04874190518093093,0.3288416196207131
65.0,4.808822378487259,4.536521642565423,5.111778739222187,0.3536250084164597,0.28762648670704205,0.41839419791602733,0.024473221417642105,0.01486888105184574,0.04016824880749075,0.04041905716019675,0.033291383959679344,0.04846731282773258,0.3250255824580973
66.0,4.799397739802198,4.528743423514016,5.100474659145663,0.349890011439561,0.2838102816583644,0.4149403197915242,0.024070195886326674,0.014574471347994196,0.039683366478823805,0.040166387966527925,0.033076148569499864,0.04819414438595922,0.3212905854811986
67.0,4.790101129281865,4.521066456226576,5.089329204821115,0.3462283946865369,0.2800705246807467,0.4115384893564199,0.023682433740587226,0.014287154748645732,0.039204660840579914,0.039917512715610434,0.03286300439220759,0.04792248903729748,0.3176289687281745
68.0,4.780929955671296,4.513488776444047,5.078339060611989,0.3425982620740244,0.276405178247072,0.4081875577661143,0.02329500272783971,0.014006749885831008,0.03873216255965818,0.039668656674919096,0.03265195099839368,0.04765242623559185,0.31399883611566193
69.0,4.771881697240211,4.506008470389111,5.067501002648082,0.3390634644079079,0.2728122720060489,0.40488641041313017,0.0229369602323826,0.013733079232083395,0.03826588932953332,0.0394306681634588,0.032442985706373294,0.04738402718904616,0.3104640384495455
70.0,4.7629538993982266,4.498623673154809,5.0568118956726025,0.3355797874946609,0.26928990027051336,0.4016339656183727,0.02257468969631636,0.013465968678749128,0.03780584689098231,0.03918780436954826,0.0322361037682992,0.04711735527910905,0.3069803615362985
71.0,4.754144172491116,4.491314347417815,5.046268690018344,0.3321444129256573,0.2658362191707664,0.3984291728465539,0.022218864376772902,0.013205247353698052,0.03735203146260013,0.03894691262973975,0.032031298714525154,0.0468524663037248,0.3035449869672949
72.0,4.745450189660036,4.48395520329703,5.035868418706837,0.32879707673540515,0.262449444482236,0.3952710121266534,0.02186848438699524,0.01295074764602665,0.03690443072184702,0.03870683066695263,0.031828562363758875,0.04658940943544952,0.30019765077704275
73.0,4.736869684778023,4.4766903131715985,5.025608194664686,0.32550665525295186,0.2591278495619706,0.3921584930003349,0.021527605991025867,0.012702306459002121,0.03646302350593955,0.03846747329782999,0.03162788494271235,0.04632822808002751,0.29690722929458946
74.0,4.7284004505010735,4.469517877792851,5.015485208051612,0.32226846691882155,0.2558697628968156,0.3890906534596473,0.02118922211155296,0.012459764965320363,0.03602778125572583,0.038233052182251336,0.03142925522147113,0.04606895975097109,0.2936690409604591
75.0,4.720040336376179,4.462436143417904,5.0054967236949945,0.31908265071472663,0.25267356598664115,0.3860665576955626,0.02085712533271777,0.012222967436315986,0.03559866975222902,0.038005880900237925,0.03123266098934419,0.04581163672900185,0.29048322475636423
76.0,4.711787246996001,4.455443400380063,4.995640078626002,0.3159383952610824,0.2495376916772595,0.3830852961008397,0.020534478683936687,0.0119917616819089,0.035175648511074284,0.03777511557655785,0.031038088975693705,0.04555628690128805,0.28733896930272007
77.0,4.703639140265647,4.448537981712777,4.985912679712645,0.31283169405097444,0.2464606220724833,0.3801459846625957,0.020216117410238987,0.01176599943995498,0.0347586716348754,0.037546107703515914,0.03084552478653965,0.04530293369361815,0.28423226809261204
78.0,4.695594025721975,4.441718261824827,4.9763120013853355,0.3098542787997513,0.2434408865036377,0.3772477638967117,0.019910111087948133,0.011545536824188045,0.034347689158291755,0.037318555878463375,0.03065495308144188,0.045051596446478485,0.28125485284138885
79.0,4.687649962892738,4.4349826552245375,4.966835583450752,0.30684876134957384,0.2404770601469142,0.3743897972697644,0.01960821504966186,0.011330233142206334,0.03394264706971991,0.037099644097126905,0.03046635784021625,0.04480229104703134,0.27824933539121144
80.0,4.679805059735665,4.428329615290898,4.957481028990056,0.3039389406314257,0.23756776219379155,0.3715712707148097,0.019314965774233826,0.011119951205885995,0.03354348753713551,0.036880473741686313,0.030279722465408925,0.044555030083359835,0.2753395146730633
81.0,4.672057471170127,4.4217576330896105,4.948246002337663,0.30107559376381565,0.2347116538839541,0.368791392361669,0.019017544456047784,0.010914557398587436,0.033150149717467166,0.03666003419878056,0.03009502962226888,0.04430982298060627,0.27247616780545325
82.0,4.664405397604375,4.415265236232139,4.939128227137003,0.2982145958575812,0.2319074375767428,0.3660493916065349,0.018733475429844517,0.01071392217754251,0.032762570405283936,0.03644098391840203,0.029912261393623383,0.0440666764986532,0.26961516989921874
83.0,4.656847083549408,4.408850987775969,4.930125484469878,0.29541022732233424,0.2291538552237035,0.3633445180025465,0.018449782357328283,0.010517919198852857,0.03238068380030429,0.036223687554131086,0.029731399420491824,0.043825595043052265,0.26681080136397184
84.0,4.649380816226887,4.402513485164329,4.921235611056165,0.2926531424601452,0.2264496870357009,0.36067604049971796,0.018167914649007574,0.010326425433966372,0.03200442207506697,0.03601275691971477,0.029552425086204183,0.04358658044747588,0.2640537165017828
85.0,4.642004924373722,4.396251359203764,4.912456497520815,0.2899293151730922,0.22379374918323752,0.3580432474027958,0.0178914572050956,0.010139321141704988,0.03163371622461214,0.03579814532995107,0.029375319325695325,0.04334963226964828,0.26132988921472977
86.0,4.634717776928434,4.390063273077951,4.903786086725225,0.2872250139506905,0.22118489285376228,0.3554454455419763,0.017622631479536924,0.009956490179707116,0.03126849553146288,0.03558800176907348,0.029200062750281964,0.04311474791422275,0.25862558799232815
87.0,4.627517781846012,4.383947921396311,4.895222372160212,0.2846033719924264,0.2186220038083741,0.35288195949526424,0.017361315008224174,0.009777819522099412,0.030908687862105863,0.03537961885668902,0.02902663572019418,0.042881923705046114,0.25600394603406407
88.0,4.620403384957641,4.377904029275957,4.886763396397953,0.2820378346125678,0.2161040008659737,0.3503521307501639,0.0171076229926517,0.009603199203159279,0.03055421982586915,0.035175628661125787,0.02885501851621785,0.04265115441796044,0.2534384086542054
89.0,4.613373068771622,4.371930351455645,4.878407249600372,0.279489160833413,0.2136298346385971,0.34785531771735145,0.016855841054340376,0.009432522276930951,0.030205017690492,0.034972822363456155,0.028685191200487795,0.04242243303012845,0.2508897348750506
90.0,4.606425351535755,4.366025671440428,4.87015206808161,0.2769984224705939,0.2111984854465128,0.34539089503692993,0.0166073481439361,0.00926568493406881,0.02986100811076641,0.034773636982621176,0.028517133688962176,0.04219575107600782,0.24839899651223152
91.0,4.599558786069076,4.360188800675776,4.861996032922276,0.2745301136986874,0.2088089635819278,0.3429582529909716,0.016363642320414998,0.009102586289302106,0.029522116622643795,0.03457529772999243,0.028350825794980158,0.04197109880857405,0.245930687740325
92.0,4.5927719588007045,4.354418577749988,4.853937368633339,0.2720881071910773,0.2064603080693701,0.34055679671098704,0.01612679695616317,0.008943128239448147,0.029188268395158708,0.03437817410346178,0.02818624736162544,0.04174846598041705,0.24348868123271494
93.0,4.586063488781613,4.348713867623768,4.845974341867581,0.2696785307159488,0.20415158567711,0.3381859461687526,0.015894760646776314,0.008787215423399178,0.02885938832348449,0.034178790138202235,0.028023378180122332,0.04152784113945896,0.24107910475758643
94.0,4.579432026835202,4.343073560885898,4.8381052601766665,0.26733338555914604,0.20188188938410015,0.33584513562024065,0.01567131387245497,0.008628211363455394,0.02853540202507875,0.03398713029665708,0.02786219801813875,0.041309211809188916,0.2387339596007837
95.0,4.572876254539168,4.3374965730339765,4.830328470811932,0.2650169670508463,0.19965033758013853,0.33353381313556163,0.015446953856349257,0.008472108026590788,0.028216235262546137,0.033796024366352616,0.02770268665132159,0.04109256462378913,0.23641754109248392
96.0,4.5663948833782495,4.331981843779246,4.822642359567137,0.262733324923606,0.19745607386377645,0.3312514399138722,0.01522248890014935,0.008319482882842736,0.027901813763538556,0.03361268511063975,0.02754482395265184,0.040877885555400034,0.23413389896524361
97.0,4.5599866539586325,4.3265283363745715,4.8150453496614505,0.2604342798755471,0.1952982659548554,0.32899749020497604,0.015007461821348876,0.008170246408521887,0.027592063484955884,0.03342415640850757,0.027388589860025386,0.04066516030744458,0.23183485391718472
98.0,4.553650335109193,4.32113503696468,4.807535900661067,0.25819454111017515,0.19317610484694386,0.3267714508837674,0.014793438517711015,0.008024311547114311,0.027302589491153908,0.0332370059817632,0.027233964372348023,0.040454373776348286,0.22959511515181275
99.0,4.547384723173884,4.3158009539577975,4.8001125074378965,0.2560224717223676,0.19108880338781128,0.3245728210411223,0.014591278085016281,0.00788159364267256,0.02701849612155759,0.033054503573086085,0.027080927576113425,0.04024551030134045,0.22742304576400518
100.0,4.541188641187457,4.310525117417876,4.7927736991638445,0.2538646697405548,0.18903559635518785,0.32247809507717834,0.014387087116846062,0.007742010470470334,0.026738376102779585,0.03287325941842568,0.02692945972509101,0.04003855371037157,0.22526524378219237
101.0,4.535060938194867,4.305306578476618,4.785518038339282,0.2517439229285783,0.18701573964678928,0.3204164817989842,0.014185379966068397,0.007605482083049671,0.02646217042732053,0.03269241080259898,0.026779541213979567,0.03983348759201942,0.22314449697021588
102.0,4.5290004884598005,4.3001444087645595,4.778344119854344,0.2496539089667492,0.18502850957578065,0.3183803292757282,0.013985535290559608,0.00747193073678847,0.026189820124522017,0.03251144934393388,0.026631152532385845,0.039630295304687084,0.22105448300838682
103.0,4.523006190845297,4.295037699860482,4.77125057008179,0.24760630362889186,0.18307320186409096,0.3163691733427844,0.013796267893258024,0.007341280843799394,0.025921266616319896,0.032331358521170736,0.02648427430024861,0.03942895978226391,0.2190068776705295
104.0,4.5170769681115015,4.289985562758485,4.764236046000164,0.2455535449910851,0.1811491309739095,0.3143825605688967,0.013609560908863342,0.007213458931935323,0.025656451722999404,0.03215652036542356,0.026338887267672136,0.03922946367721975,0.21695411903272266
105.0,4.511211766303019,4.284987127352043,4.757299234346111,0.2435218828002623,0.1792556300113596,0.31242004824233177,0.013423546350736773,0.0070883936078179185,0.02539531792501196,0.03198125799548601,0.026194972312730585,0.039031789393966974,0.21492245684189992
106.0,4.505409554134948,4.2800415419344375,4.750438850794709,0.24153648879579226,0.17739204994938199,0.3104812045255373,0.013238949798304606,0.006966015443546267,0.025137808611682255,0.03180378953313216,0.02605251062927326,0.03883591932688663,0.21293706283742986
107.0,4.499669322260214,4.275147972714949,4.7436536391667445,0.23956752854224944,0.17555775904553608,0.30856560788770976,0.013056538068181557,0.006846256939420416,0.024883867498787352,0.03162960654526613,0.02591148364838681,0.03864183570364165,0.2109681025838871
108.0,4.49399008282686,4.270305603350228,4.736942370661901,0.23765937289883984,0.17375214186194055,0.3066728468385265,0.01288072453976508,0.00672905246897002,0.024633438878898104,0.03146282639448352,0.02577187288936084,0.03844952058511817,0.20905994694047747
109.0,4.488370868835087,4.265513634490307,4.73030384311689,0.23575351153252944,0.17197459924605998,0.3048025194563392,0.012706904336168863,0.0066143382479902525,0.02438646762554612,0.03129515419851653,0.025633660051863568,0.03825895592437774,0.20715408557416704
110.0,4.482810733696698,4.260771283338714,4.723736880287565,0.23386890546940764,0.1702245477918272,0.3029542327055113,0.012535962689090293,0.006502052259360374,0.024142899320878045,0.03112955739694382,0.02549682701400461,0.03807012361252855,0.20526947951104524
111.0,4.477308750540006,4.256077783226177,4.717240331154134,0.2320156696891213,0.1685014193279803,0.30112760295858065,0.012369033028763849,0.0063921342011591725,0.023902680467958456,0.030965344720579633,0.02536135582893526,0.03788300562887102,0.20341624373075884
112.0,4.4718640118638255,4.2514323831974306,4.7108130692486,0.23020167083937235,0.16680466015376327,0.2993222554781853,0.012201602617612151,0.006284525439952212,0.023665758090047003,0.03080024582999709,0.025227228841627987,0.037697583880276365,0.20160224488100997
113.0,4.466475628864526,4.246834347610678,4.7044539920036055,0.2284092169133188,0.1651337305549189,0.2975378241676052,0.012038661816390451,0.006179168966111862,0.02343207987931548,0.030640840584749095,0.025094428644468283,0.03751384025910316,0.19980979095495643
114.0,4.461142731057052,4.242282955749216,4.698162020121893,0.2266085601634064,0.16348810492678664,0.29577395131879275,0.011875520437404604,0.0060760093495974,0.023201594199534367,0.030482979081426127,0.02496293797220176,0.03733175666368716,0.19800913420504396
115.0,4.455864465860365,4.2377775014448495,4.691936096965627,0.2248497615492614,0.16186727113660368,0.2940302869474523,0.011717156578066802,0.00597499268572799,0.022974250144819703,0.03032611884147755,0.024832739761945825,0.03715131507980416,0.196250335590899
116.0,4.450639998035009,4.233317292712625,4.68577518796483,0.2231214086981788,0.16027073016573162,0.29230648903842005,0.011570630576629177,0.005876066554018276,0.022749997701189243,0.0301692269069452,0.024703817150358763,0.03697249762756092,0.19452198273981647
117.0,4.445468509279384,4.228901651396532,4.679678280044279,0.22140502932311373,0.1586281537964299,0.2906022233308178,0.011420034876565177,0.005779179974630585,0.022528787475617845,0.03001339811667071,0.02457615346981312,0.03679528641421917,0.19280560336475128
118.0,4.440349197786368,4.224529912825761,4.67364438106815,0.2197223830563101,0.157005706383582,0.28891716304113035,0.011273866323828714,0.005684283363668767,0.022310570778223886,0.029862118432453306,0.024449732321754063,0.036619663607791036,0.1911229570979477
119.0,4.435281277827305,4.220201425481175,4.667672519301801,0.2180512158689484,0.15540771346823726,0.2872509886793771,0.011128819001502149,0.005591328496009601,0.022095299623336215,0.02970873327026857,0.02432453755158468,0.03644561143891227,0.18945178991058598
120.0,4.430263979456218,4.215915550671617,4.661761742890072,0.21640487530980532,0.1538336894812364,0.28560338762547416,0.010983960941282206,0.0055002684653823785,0.02188292675352251,0.029559945383089793,0.024200553173546264,0.03627311219888748,0.18780544935144294
121.0,4.425296547913282,4.211671662219741,4.6559111193515115,0.2147734237895696,0.15228316057768487,0.28397405396062064,0.010841911785788073,0.005411057645808359,0.02167340575806797,0.029413565963884895,0.02407776341030526,0.03610214834772922,0.18617399783120725
122.0,4.420378243453198,4.207469146157034,4.650119735087957,0.21317841830444545,0.1507556636203725,0.2823626885768592,0.010704025545750864,0.005323651654831272,0.021466690887473102,0.029265942459319856,0.02395615268990992,0.0359327026784387,0.1845789923460831
123.0,4.415508340814141,4.203307400427699,4.644386694908956,0.2115821603503588,0.14925074741721345,0.28076899886443146,0.010571493830673745,0.005238007318062486,0.021262737094981297,0.029116773589106144,0.023835705642109444,0.03576475795864769,0.18298273439199642
124.0,4.410686129028294,4.199185834601131,4.638711121570474,0.20998782501861632,0.1477679718139347,0.27919269855309103,0.01044103737943275,0.0051540826300890095,0.021061500036622983,0.02897437151581365,0.023716407140321208,0.035598297073840435,0.18138839906025395
125.0,4.405910910944283,4.195103869592677,4.633092155327407,0.2084148447995983,0.14630690737568744,0.2776335074924417,0.010311139639459756,0.005071836697887933,0.020862936086205614,0.028829113338793476,0.02359824228848317,0.03543330303564125,0.17981541884123586
126.0,4.401182002991769,4.1910609373923915,4.6275289534994215,0.2068635009394269,0.14486713511967267,0.27609115127762673,0.010183485001044991,0.0049912297440604155,0.020667002448780232,0.028685804426842095,0.023481196371201243,0.03526975898041555,0.17826407498106456
127.0,4.3964987347552364,4.187056480801562,4.622020690049653,0.20534014804298034,0.14344824602408607,0.27456536143681753,0.010056159561793294,0.004912223066387086,0.020473656956851917,0.02854275430851473,0.023365254877354715,0.03510764820894875,0.17674072208461789
128.0,4.391860448709894,4.1830899531767,4.616566555175829,0.2038494224205868,0.14204984009408272,0.2730558751872751,0.009929119017437654,0.004834779004999859,0.02028285810828468,0.028403013284967943,0.0232504034969708,0.03494695430623044,0.1752499964622244
129.0,4.387266499851667,4.17916081818078,4.6111657549133795,0.20239489787998613,0.14067152725490456,0.2715624352815331,0.009808733120320759,0.004758860913684411,0.020094565067504358,0.02826601861358836,0.023136628117706608,0.03478766093733708,0.1737954719216237
130.0,4.382716255442345,4.175268549541481,4.605817510750143,0.20095036974811972,0.1393033854298189,0.2700847898629453,0.009689130956941686,0.004684433132430079,0.0199087376495825,0.02813122823631551,0.02302391484862894,0.03462975191361632,0.17235094378975735
131.0,4.378209094834551,4.171412630816203,4.600521059252258,0.1995307301080705,0.1379542424283679,0.268622692037058,0.009570262942137135,0.004611460944383854,0.0197253363026748,0.027996180985691413,0.022912250013064458,0.03447321120110775,0.17093130414970814
132.0,4.373744408982521,4.16759255516363,4.595275651700879,0.1981122553318068,0.13662420128136885,0.2671759000672184,0.009455781311875331,0.004539910505535599,0.01954432216144079,0.027864672356521986,0.0228016201148718,0.034318022918331734,0.16951282937344436
133.0,4.369321600302176,4.163807825121642,4.590080553739336,0.1967185617975726,0.13531290698331064,0.2657441772875325,0.009342106551506656,0.00446974890076475,0.01936565731071725,0.027732070798071898,0.0226920118523178,0.03416417135277961,0.16811913583921023
134.0,4.364940082321295,4.160057952391359,4.584935045030405,0.1953414740480809,0.1340200123758494,0.2643272919065104,0.009228330048990804,0.004400944091235886,0.0191893043179051,0.027601087352318046,0.02258341211498311,0.034011641058151895,0.1667420480897185
135.0,4.360599279558305,4.156342457627118,4.579838418923347,0.1939724385594105,0.13274517762806728,0.2629250169016889,0.009118172165540244,0.0043334648870153435,0.01901522635418813,0.02747095964633629,0.0224758079804379,0.03386041671360051,0.16537301260104809
136.0,4.356298627085392,4.152660870232217,4.574789982130385,0.19263219347003685,0.1314880712159765,0.2615371299207204,0.009011506445044105,0.004267280924528593,0.01884338721229126,0.02733747632923144,0.02236918672764604,0.033710483156381386,0.1640327675116745
137.0,4.352037570412578,4.14901272816021,4.569789054412319,0.1913038571150272,0.13024836919323618,0.2601634131889271,0.008908232477398664,0.0042023626451128115,0.01867375129286093,0.02720949675301877,0.022263535832782053,0.0335618253919827,0.16270443115666477
138.0,4.347815565229092,4.145397577721598,4.5648349682729785,0.1899887138270556,0.1290257549976828,0.2588036529433062,0.008800958591592006,0.004138681247627295,0.018506283590012503,0.02708358854216161,0.022158842945692488,0.033414428591930265,0.16138928786869322
139.0,4.3436320771499926,4.141814973395742,4.559927068662212,0.18870179674530524,0.12781991927813766,0.2574576392948704,0.008698953903661417,0.004076208632262244,0.01834094972036279,0.026957816861316018,0.0220550958979872,0.033268278097959535,0.16010237078694278
140.0,4.339486581466158,4.138264477647834,4.555064712687154,0.18739661291984455,0.1266305596872769,0.2561251669405925,0.008595529775836388,0.004014917467774603,0.01817771604980801,0.026833261354689487,0.021952282700087058,0.03312335948266623,0.15879718696148215
141.0,4.335378562993608,4.134745660750764,4.550247269331487,0.18612399359173534,0.12545738006727208,0.254806034653097,0.008489501441955602,0.003954781136035514,0.01801654943868589,0.02670690509893493,0.02185039153814605,0.0329796584728544,0.15752456763337297
142.0,4.3313075157901775,4.131258100611737,4.545474119182447,0.18486208189885547,0.12430009098773613,0.2535000451912461,0.008393566451629579,0.0038957737113581702,0.01785741730825612,0.02658503621930477,0.021749410785063424,0.032837160956996264,0.15626265594049304
143.0,4.327272942981944,4.127801382603483,4.540744654165331,0.18359071162244905,0.12315840959208857,0.25220700521760225,0.008298062724319755,0.0038378699426716506,0.017700287642499167,0.026461168592609042,0.02164932899476649,0.03269585299390928,0.1549912856640866
144.0,4.323274356552709,4.12437509939994,4.536058277285253,0.18232731364686355,0.12203205929614346,0.2509267252207611,0.00820298938519131,0.0037810452366168405,0.017545128976035627,0.026340441248638508,0.021550134880223226,0.032555720810461215,0.1537278876885012
145.0,4.319311277260473,4.120978850816243,4.531414402375933,0.1810955656433947,0.1209207696427564,0.24965901931336076,0.008108857160553486,0.003725275607167071,0.017391910381644882,0.026221190414835636,0.021451817321265297,0.03241675080111666,0.15249613968503228
146.0,4.315383234163979,4.117612243652908,4.526812453855282,0.17990691195654096,0.11982427616454575,0.2484037046936889,0.008014630946087212,0.0036705376446293375,0.017240601488616874,0.02610610589853545,0.02135436536149838,0.03227892956483698,0.15130748599817856
147.0,4.311489764707504,4.114274891544079,4.522251866487585,0.17869783340012008,0.11874232001841745,0.2471606023580942,0.007923920011809025,0.0036168085704325033,0.017091172551794574,0.02599186874234298,0.02125776820511504,0.03214224386434071,0.15009840744175762
148.0,4.307630414394774,4.110966414809719,4.517732085152063,0.17753204193275618,0.1176746475686713,0.2459295367824824,0.007834268038784186,0.003564066187684929,0.01694359429108526,0.02587268647624935,0.02116201521361601,0.032006680621139004,0.14893261597439378
149.0,4.30380473673263,4.107686440311607,4.513252564617624,0.17636328480121072,0.11662101096122235,0.24471033579957024,0.007747735954581368,0.003512288865790848,0.01679783793317368,0.025755169962132743,0.02106709590312081,0.03187222692276977,0.14776385884284837
150.0,4.300012292943824,4.104434601313056,4.508812769323603,0.1752086691333178,0.11558116770158325,0.2435028305303093,0.007661759100753983,0.0034614555262797732,0.016653875208125182,0.02564681929938948,0.02097299997803521,0.03173887002047547,0.14660924317495538
151.0,4.296252651846143,4.101210537342215,4.504412173166306,0.17406736308274295,0.11455488051774294,0.24230685531904886,0.007575502108640899,0.003411545629394669,0.01651167833907769,0.025535066925905868,0.02087971729691191,0.03160659732717032,0.14546793712438055
152.0,4.2925253896852285,4.098013894058867,4.500050259291193,0.17293963459553655,0.11354191724267218,0.2411222476555835,0.0074903960284881345,0.003362539121464443,0.01637122003180102,0.025422347454425443,0.02078723785517517,0.031475396438585206,0.14434020863717412
153.0,4.288830090000225,4.094844323124602,4.4957265198905105,0.17182682529090826,0.11254205068697104,0.239948847702887,0.007407002293010653,0.003314416430427484,0.016232473482320528,0.02531012398462138,0.020695551797170884,0.031345255113550165,0.1432273993325458
154.0,4.285166343354492,4.0917014820762825,4.491440456006215,0.17071146010066385,0.1115550581308092,0.2387864986471248,0.007324218450714036,0.003267158499532607,0.016095412404986322,0.025201618053634328,0.020604649413536732,0.031216161263298087,0.14211203414230145
155.0,4.2815337473170825,4.088585034202695,4.487191577338025,0.16963925828567838,0.11058072158389876,0.23763504669942145,0.007243664499697915,0.0032207467483071853,0.015960010946841692,0.02509228139769369,0.020514521138546328,0.031088102957279293,0.14103983232731598
156.0,4.277931906335066,4.085494648424293,4.482979402056448,0.16858865525949612,0.10961882774684194,0.2364943409129035,0.007163571608682236,0.0031751630605755038,0.015826243706919294,0.02498114284732111,0.020425157547427217,0.030961068420900517,0.13998922930113367
157.0,4.2743604314839665,4.082429999175947,4.478803456620638,0.1675441542511087,0.10866916779329568,0.2353642331251077,0.007084862588267727,0.0031303897730907268,0.015694085730128794,0.02487212587237146,0.020336549355061326,0.03083504603318565,0.1389447282927463
158.0,4.270818940358943,4.079390766292613,4.474663275600922,0.166483398132362,0.10773153726980213,0.2342445779032576,0.00700762388900847,0.0030864096644018586,0.015563512498386169,0.02476602797058609,0.020248687431005632,0.030710024341453077,0.1378839721739996
159.0,4.267307056936215,4.076376634897831,4.4705584015058735,0.16545124213575108,0.1068057360006395,0.2331352324924071,0.0069322165103808025,0.003043205904941993,0.015434499921748559,0.024662542574725315,0.020161562775362588,0.030585992049248407,0.13685181617738873
160.0,4.2638244114926085,4.0733872952949755,4.466488384613792,0.16439683854942594,0.10589156788679996,0.2320360565862334,0.006855554433361506,0.0030007620717199296,0.015307024339446725,0.024555594445973102,0.02007516651788941,0.030462938000844656,0.1357974125910636
161.0,4.260370640374475,4.070422442861179,4.462452782808456,0.1633748094211056,0.10498884059797207,0.2309469122351432,0.006778525115096703,0.0029590621609114913,0.015181062527784613,0.02444874425323039,0.01998948991972665,0.030340851188049738,0.1347753834627432
162.0,4.256945385982882,4.0674817779438515,4.45845116141902,0.1623728821747078,0.10409736591498256,0.2298676641308914,0.006706016727437674,0.0029180905603316573,0.015056591655829584,0.02434373404990599,0.01990452437109334,0.03021972074774209,0.1337734562163454
163.0,4.253548296591029,4.064565005759726,4.454483093063949,0.16135824934203868,0.10321695947936203,0.22879817938722974,0.006634996058244571,0.0028778320397944788,0.014933589291768115,0.0242450605584704,0.019820261388984867,0.030099535959299088,0.13275882338367628
164.0,4.250179026240532,4.0616718362963455,4.450548157498854,0.16037195351294234,0.10234744069363153,0.22773832749017636,0.006563834231574384,0.0028382717419673915,0.01481203339617269,0.024146353168316974,0.019736692614873742,0.02998028624191844,0.1317725275545799
165.0,4.246837234613448,4.058801984215943,4.446645941468128,0.15939202969873656,0.10148863263968012,0.22668798025194256,0.006494828907634078,0.002799395172018264,0.01469190231431805,0.0240450789454717,0.019653809814400087,0.029861961156272543,0.13079260374037416
166.0,4.2435225869062645,4.055955168761625,4.442776038560261,0.15842538878905232,0.10064036199634817,0.2256470117670956,0.006425504842695732,0.0027611881419476922,0.014573174768569938,0.02394519393104896,0.01957160488444442,0.029744550437810127,0.12982596283068992
167.0,4.240234753704849,4.053131113665818,4.438938049066747,0.1574683984521671,0.09980245873384204,0.22461529832012606,0.0063577874743175385,0.0027236368119391485,0.014455829856284762,0.023845510203610858,0.019490069836114763,0.02962804394547422,0.1288689724938047
168.0,4.236973410921314,4.050329547060889,4.435131579844452,0.15651356032096198,0.09897475621288344,0.22359271813881784,0.006291934974009522,0.002686727690545504,0.014339847049477888,0.02374692784752953,0.019409196796813858,0.029512431667909636,0.12791413436259957
