date,file,chrom,dc_trap,mfc,src1,src2,signal,vialstart,trapstart,eject,vial,MINS_ELAPSED,rh,SOLUTION_ID,wt_frac,nh3_bubbler,MZ84,MZ85,MZ283,note,dc_spring,ac_spring_f1,ac_spring_a1,ac_spring_f2,ac_spring_a2,dc_spring_after,ac_spring_f1_after,ac_spring_a1_after,ac_spring_f2_after,ac_spring_a2_after,data_path,code,comptype,compnum,p84_j,p85_j,p283_j,n84_j,n84,n85_j,n85,bad_data,nh3_vial,naoh_vial
180815,6,0.52,680,303,,,1,,,,,68,70,bd10hg20_001,0.3,,41.5,3439,58899.9,,39,70,4.84,62,4.07,32,73,4.79,65,4.08,C:/MassCenter DataORG/DropletMSProject.7pj/180815.7fl\Data006.7rw,180815_006_0.5,bd10hg20,1,,3470.9,58881.1,,0.000704585,0.058947608,0.058387196,,,
180815,6,8.66,600,244,,,1,,,,,4,5,bd10hg20_001,0.3,,38.8,1288.4,21257.8,,,,,,,,,,,,C:/MassCenter DataORG/DropletMSProject.7pj/180815.7fl\Data006.7rw,180815_006_8.7,bd10hg20,1,,1370.8,21289.4,,0.001825212,0.064388851,0.060608341,,,
180816,1,0.85,470,250,,,1,,,,,62,70,bd10hg20_001,0.3,,42.9,1770.5,55038.7,,47,66,4.8,61,4.22,43,71,4.89,63,4.08,C:/MassCenter DataORG/DropletMSProject.7pj/180816.7fl\Data001.7rw,180816_001_0.8,bd10hg20,1,,1738.1,55019.3,,0.000779452,0.031590733,0.032168274,,,
180816,2,1,570,275,,,1,,,,,40,70,bd10hg20_001,0.3,,8.888888889,2221.9,98647.4,,53,63,4.69,59,4.22,44,73,4.91,64,4,C:/MassCenter DataORG/DropletMSProject.7pj/180816.7fl\Data002.7rw,180816_002_1.0,bd10hg20,1,,2199.8,98592,,9.01E-05,0.022312155,0.022523655,,,
180816,3,1,560,245,,,1,,,,,237,70,bd10hg20_001,0.3,,42.4,458.6,20891.7,,50,59,4.84,52,4.14,41,63,4.8,55,4.06,C:/MassCenter DataORG/DropletMSProject.7pj/180816.7fl\Data003.7rw,180816_003_1.0,bd10hg20,1,,477.2,20871.9,,0.002029514,0.022863276,0.021951301,,,
180818,1,0.5,550,235,,,1,,,,,901,70,bd10hg20_001,0.3,,30.1,616.3,52063.8,,45,60,4.87,53,4.19,37.2,63,4.84,57,4.3,C:/MassCenter DataORG/DropletMSProject.7pj/180818.7fl\Data001.7rw,180818_001_0.5,bd10hg20,1,,610,52009.1,,0.000578137,0.011728717,0.0118374,,,
180820,1,1.34,,,,,1,,,,,48,70,bd10hg20_001,0.3,,43,837.9,26786.4,,,,,,,,,,,,C:/MassCenter DataORG/DropletMSProject.7pj/180820.7fl\Data001.7rw,180820_001_1.3,bd10hg20,1,,891.3,26741.6,,0.001605292,0.033330092,0.031280799,,,
180820,1,13.3,,,,,1,,,,,3,5,bd10hg20_001,0.3,,25.3,1871.363636,27459.63636,,,,,,,,,,,,C:/MassCenter DataORG/DropletMSProject.7pj/180820.7fl\Data001.7rw,180820_001_13.3,bd10hg20,1,,1879.4,27485.8,,0.000921352,0.068377126,0.068149615,,,
180820,2,0.53,,,,,1,,,,,123,70,bd10hg20_001,0.3,,27,1681.6,52806.4,,,,,,,,,,,,C:/MassCenter DataORG/DropletMSProject.7pj/180820.7fl\Data002.7rw,180820_002_0.5,bd10hg20,1,,1713.2,52849.4,,0.000511302,0.032416641,0.031844625,,,
180823,1,0.7,500,250,,,1,,8/23/18 9:58,8/23/18 10:03,,4.999999964,5,bd10hg20_002,0.3,,45.8,454.7,25364.7,,,,,,,,,,,,C:/MassCenter DataORG/DropletMSProject.7pj/180823.7fl\Data001.7rw,180823_001_0.7,bd10hg20,2,,546.5,25414.8,,0.001805659,0.021503219,0.017926488,,,
180823,1,9.2,460,210,,,1,,8/23/18 10:05,8/23/18 10:11,,6.000000051,5,bd10hg20_002,0.3,,25,979,33717.9,,,,,,,,,,,,C:/MassCenter DataORG/DropletMSProject.7pj/180823.7fl\Data001.7rw,180823_001_9.2,bd10hg20,2,,1011.5,33732,,0.000741446,0.029986363,0.029035023,,,
180823,1,14.6,420,210,,,1,,8/23/18 10:12,8/23/18 10:16,,4.000000024,5,bd10hg20_002,0.3,,35,1871.4,40788.9,,,,,,,,,,,,C:/MassCenter DataORG/DropletMSProject.7pj/180823.7fl\Data001.7rw,180823_001_14.6,bd10hg20,2,,1919.3,40758,,0.000858077,0.047090142,0.045880129,,,
180823,1,21,416,197,,,1,,8/23/18 10:18,8/23/18 10:23,,4.999999974,5,bd10hg20_002,0.3,,47.3,2019.8,39160.5,,,,,,,,,,,,C:/MassCenter DataORG/DropletMSProject.7pj/180823.7fl\Data001.7rw,180823_001_21.0,bd10hg20,2,,2028.5,39151.75,,0.00120785,0.051811222,0.051577482,,,
180823,1,29,414,193,,,1,,8/23/18 10:24,8/23/18 10:31,,6.999999991,5,bd10hg20_002,0.3,,30.66666667,1975.1,52315.1,,60,54,4.82,48,4.11,,,,,,C:/MassCenter DataORG/DropletMSProject.7pj/180823.7fl\Data001.7rw,180823_001_29.0,bd10hg20,2,,2022.7,52347.5,,0.000586192,0.038639859,0.037753918,,,
180823,2,0.85,450,245,,,1,,8/23/18 10:35,8/23/18 11:12,,37.00000009,70,bd10hg20_002,0.3,,27.7,1167.2,38343.1,85 peak a little cut off,48,66,4.88,60,4.19,44,69,4.93,62,4.18,C:/MassCenter DataORG/DropletMSProject.7pj/180823.7fl\Data002.7rw,180823_002_0.8,bd10hg20,2,,1188.1,38318,,0.000722425,0.031006316,0.03044094,,,
180823,6,0.5,540,275,,,1,,8/23/18 15:00,8/23/18 17:12,,132.0000001,70,bd10hg20_002,0.3,,33.4,681.5,23774.6,,43,69,4.96,62,4.19,29,77,4.97,68,4.18,C:/MassCenter DataORG/DropletMSProject.7pj/180823.7fl\Data006.7rw,180823_006_0.5,bd10hg20,2,,729.7,23848.2,,0.001404861,0.030597697,0.028665046,,,
180824,1,0.6,540,275,close,close,1,,8/23/18 17:20,8/24/18 9:03,,943,70,bd10hg20_002,0.3,,66.6,249.9,34315.9,,47,68,4.91,61,4.17,36,75,4.93,65,4.02,C:/MassCenter DataORG/DropletMSProject.7pj/180824.7fl\Data001.7rw,180824_001_0.6,bd10hg20,2,,268.8,34319.1,,0.001940791,0.007832373,0.007282339,,,
180824,4,0.6,570,261,,,1,,8/24/18 10:22,8/24/18 17:00,,398,70,bd10hg20_002,0.3,,15.64285714,63.76470588,9874.147059,hardly any 85,46,61,4.95,53,4.13,39,67,4.93,59,4.2,C:/MassCenter DataORG/DropletMSProject.7pj/180824.7fl\Data004.7rw,180824_004_0.6,bd10hg20,2,,73.31,9883.34,,0.001584224,0.007417533,0.006457743,,,
180828,1,0.7,620,300,,,1,,8/28/18 12:00,8/28/18 16:12,,252,70,bd10hg20_002,0.3,,18.25806452,68.38709677,9601.935484,hardly any 85,41,70,4.98,61,4.09,34,78,4.99,67,4.03,C:/MassCenter DataORG/DropletMSProject.7pj/180828.7fl\Data001.7rw,180828_001_0.7,bd10hg20,2,,81.69,9617,,0.001901498,0.008494333,0.00712222,,,
180829,5,0.8,600,290,,,1,,8/29/18 12:15,8/29/18 15:03,,167.9999999,70,bd10hg20_002,0.3,,15.96774194,84.96774194,10915.45161,,37,70,4.99,61,4.14,34,77,4.99,67,4.16,C:/MassCenter DataORG/DropletMSProject.7pj/180829.7fl\Data005.7rw,180829_005_0.8,bd10hg20,2,,96.57,10924.2,,0.001462857,0.008840007,0.007784171,,,
180829,6,0.65,700,360,,,1,,8/29/18 15:07,8/29/18 18:00,,173,70,bd10hg20_002,0.3,,15.64516129,99.03225806,9962.935484,,31,84,5,74,4.1,23,93,4.99,81,4.07,C:/MassCenter DataORG/DropletMSProject.7pj/180829.7fl\Data006.7rw,180829_006_0.7,bd10hg20,2,,117.5,9974,,0.001570337,0.01178063,0.009940068,,,
180829,7,0.45,610,300,,,1,,8/29/18 18:04,8/29/18 18:30,,25.99999992,70,bd10hg20_002,0.3,,31.5,570.8,21976.3,,38,75,4.99,65,4.09,34,77,4.98,67,4.06,C:/MassCenter DataORG/DropletMSProject.7pj/180829.7fl\Data007.7rw,180829_007_0.5,bd10hg20,2,,615.7,21991.6,,0.001433362,0.027997053,0.025973435,,,
180830,1,0.43,650,350,,,1,,8/29/18 18:34,8/30/18 6:48,,734,70,bd10hg20_002,0.3,,35.88888889,120.7,22502.2,,34,84,4.99,74,4.09,25,93,4.96,82,4.08,C:/MassCenter DataORG/DropletMSProject.7pj/180830.7fl\Data001.7rw,180830_001_0.4,bd10hg20,2,,123.58,22498,,0.001594906,0.005492933,0.00536392,,,
180830,2,0.45,600,327,,,1,,8/30/18 6:55,8/30/18 8:26,,91.00000008,70,hg20as10_002,0.3,,18.16129032,,8873.580645,,40,76,4.94,68,4.11,40,77,4.97,68,4.09,C:/MassCenter DataORG/DropletMSProject.7pj/180830.7fl\Data002.7rw,180830_002_0.5,hg20as10,2,,,8890.6,,0.00204667,,,,,
180830,3,0.6,620,290,,,1,,8/30/18 9:51,8/30/18 10:33,,41.9999999,70,bd10hg20_002,0.3,,15.70967742,256.5806452,10329.70968,,37,69,4.77,64,4.28,33,75,4.91,70,4.45,C:/MassCenter DataORG/DropletMSProject.7pj/180830.7fl\Data003.7rw,180830_003_0.6,bd10hg20,2,,267.6,10344.6,,0.001520825,0.025868569,0.024839096,,,
180830,4,0.45,610,280,,,1,,8/30/18 10:38,8/30/18 10:56,,18,70,bd10hg20_002,0.3,,12.29032258,505.483871,15104.03226,,45,66,4.93,62,4.49,50,66,4.97,61,4.36,C:/MassCenter DataORG/DropletMSProject.7pj/180830.7fl\Data004.7rw,180830_004_0.5,bd10hg20,2,,493.1,15132.3,,0.000813711,0.032585926,0.033466816,,,
180830,5,0.4,630,265,,,1,,8/30/18 10:59,8/30/18 11:42,,42.99999998,70,bd10hg20_002,0.3,,17.87096774,272.6451613,12856.3871,,48,62,4.98,58,4.54,45,65,4.99,61,4.55,C:/MassCenter DataORG/DropletMSProject.7pj/180830.7fl\Data005.7rw,180830_005_0.4,bd10hg20,2,,278,12875.6,,0.001390046,0.021591227,0.021206981,,,
180830,7,0.7,600,290,,,1,,8/30/18 13:57,8/30/18 14:29,,31.99999997,70,bd10hg20_002,0.3,,14.5,280.9677419,9881.967742,,40,73,5,63,4.07,39,76,4.99,66,4.08,C:/MassCenter DataORG/DropletMSProject.7pj/180830.7fl\Data007.7rw,180830_007_0.7,bd10hg20,2,,293.23,9894.4,,0.001467319,0.029635956,0.028432368,,,
180830,8,0.45,690,325,,,1,,8/30/18 14:34,8/30/18 16:19,,105,70,bd10hg20_002,0.3,,21.25806452,145.9677419,8563.096774,,35,78,4.95,66,4,22,86,4.91,78,4.34,C:/MassCenter DataORG/DropletMSProject.7pj/180830.7fl\Data008.7rw,180830_008_0.5,bd10hg20,2,,166.5,8583.8,,0.002482521,0.019397004,0.017046139,,,
180830,9,0.35,620,275,,,1,,8/30/18 16:31,8/30/18 18:29,,118.0000001,70,bd10hg20_002,0.3,,21.48387097,223.9354839,13718.03226,,48,62,4.89,57,4.35,38,70,4.99,64,4.45,C:/MassCenter DataORG/DropletMSProject.7pj/180830.7fl\Data009.7rw,180830_009_0.3,bd10hg20,2,,234.8,13726,,0.001566104,0.017106222,0.01632417,,,
180830,10,0.3,640,285,,,1,,8/30/18 18:34,8/30/18 20:22,,108,70,bd10hg20_002,0.3,,26.06451613,143.0645161,8609.774194,,40,65,4.87,60,4.36,34,72,4.98,67,4.53,C:/MassCenter DataORG/DropletMSProject.7pj/180830.7fl\Data010.7rw,180830_010_0.3,bd10hg20,2,,164.4,8631.8,,0.003027317,0.019045854,0.016616524,,,
180831,1,0.4,620,295,,,1,,8/30/18 20:29,8/31/18 8:26,,717,70,bd10hg20_002,0.3,,21.16129032,83.29032258,13948.35484,,40,68,4.81,63,4.29,34,75,4.87,69,4.32,C:/MassCenter DataORG/DropletMSProject.7pj/180831.7fl\Data001.7rw,180831_001_0.4,bd10hg20,2,,89.5,13968.2,,0.001517117,0.006407411,0.005971337,,,
180831,2,0.3,640,275,,,1,,8/31/18 8:35,8/31/18 9:46,,70.99999993,70,bd10hg20_002,0.3,,16.11111111,155.6774194,9013.870968,,41,62,4.78,57,4.32,36,67,4.9,60,4.26,C:/MassCenter DataORG/DropletMSProject.7pj/180831.7fl\Data002.7rw,180831_002_0.3,bd10hg20,2,,181.3,9264,,0.001787369,0.01957038,0.017270873,,,
180831,3,0.25,650,285,,,1,,8/31/18 9:51,8/31/18 12:19,,147.9999999,70,bd10hg20_002,0.3,,19.5625,147.0322581,9891.677419,,47,63,4.96,59,4.46,36,70,4.89,64,4.36,C:/MassCenter DataORG/DropletMSProject.7pj/180831.7fl\Data003.7rw,180831_003_0.2,bd10hg20,2,,161.8,9922.7,,0.001977673,0.016306046,0.014864239,,,
180831,4,0.5,600,300,,,1,,8/31/18 12:27,8/31/18 13:47,,80.00000006,70,bd10hg20_002,0.3,,20.83870968,263.0322581,14858.64516,,38,72,4.93,65,4.23,35,76,4.78,70,4.24,C:/MassCenter DataORG/DropletMSProject.7pj/180831.7fl\Data004.7rw,180831_004_0.5,bd10hg20,2,,287.1,14873.8,,0.001402464,0.019302398,0.017702304,,,
180831,5,0.6,480,217,,,1,,8/31/18 13:53,8/31/18 14:56,,63,70,bd10hg20_002,0.3,,19.35483871,103.2580645,8886,,50,60,4.9,55,4.36,44,63,4.93,53,3.98,C:/MassCenter DataORG/DropletMSProject.7pj/180831.7fl\Data005.7rw,180831_005_0.6,bd10hg20,2,,121.5,8896,,0.002178127,0.013657824,0.011620309,,,
180906,1,0.6,660,275,,,1,,9/6/18 14:11,9/6/18 14:35,,24.00000005,15,bd10hg20_002,0.3,,24.12903226,153.7419355,8867.096774,,40,65,5,58,4.37,33,69,4.98,63,4.47,C:/MassCenter DataORG/DropletMSProject.7pj/180906.7fl\Data001.7rw,180906_001_0.6,bd10hg20,2,,171.8,8884.3,,0.002721187,0.019337483,0.017338475,,,
180906,3,1,680,300,,,1,,9/6/18 16:00,9/6/18 16:16,,15.99999998,14,bd10hg20_002,0.3,,12.58064516,286.8709677,9165.709677,,50,63,4.87,57,4.2,40,69,4.87,62,4.19,C:/MassCenter DataORG/DropletMSProject.7pj/180906.7fl\Data003.7rw,180906_003_1.0,bd10hg20,2,,307.9,9181,,0.001372577,0.033536652,0.031298282,,,
180906,4,0.6,590,275,,,1,,9/6/18 16:20,9/6/18 17:02,,41.99999991,12,bd10hg20_002,0.3,,21.80645161,412.3870968,27330.70968,,41,77,4.99,71,4.37,29,87,4.96,79,4.27,C:/MassCenter DataORG/DropletMSProject.7pj/180906.7fl\Data004.7rw,180906_004_0.6,bd10hg20,2,,419.6,27345.8,,0.000797874,0.015344221,0.015088781,,,
180907,1,0.3,640,270,,,1,,9/7/18 8:21,9/7/18 9:28,,66.99999988,13,bd10hg20_002,0.3,,17.58064516,192.1290323,18962.25806,,61,55,4.95,48,4.12,,,,,,C:/MassCenter DataORG/DropletMSProject.7pj/180907.7fl\Data001.7rw,180907_001_0.3,bd10hg20,2,,201.1,18954,,0.000927139,0.010609898,0.010132181,,,
180907,2,0.45,530,235,,,1,,9/7/18 9:31,9/7/18 10:51,,79.99999993,8,bd10hg20_002,0.3,,22.93548387,450.0645161,25701.16129,,,,,,,,,,,,C:/MassCenter DataORG/DropletMSProject.7pj/180907.7fl\Data002.7rw,180907_002_0.5,bd10hg20,2,,476.4,25705.8,,0.000892391,0.018532783,0.017511447,,,
180907,3,6.6,610,282,,,1,,9/7/18 13:48,9/7/18 13:52,,4.000000034,5,bd10hg20_002,0.3,,12.80645161,430.3870968,17233.06452,,,,,,,,,,,,C:/MassCenter DataORG/DropletMSProject.7pj/180907.7fl\Data003.7rw,180907_003_6.6,bd10hg20,2,,456.3,17251.9,,0.000743133,0.026449261,0.024974496,,,
180907,3,18,690,335,,,1,,9/7/18 13:59,9/7/18 14:03,,4.000000024,5,bd10hg20_002,0.3,,18.84210526,498.483871,14193.32258,,,,,,,,,,,,C:/MassCenter DataORG/DropletMSProject.7pj/180907.7fl\Data003.7rw,180907_003_18.0,bd10hg20,2,,501.1,14192.6,,0.001327533,0.035307132,0.035121013,,,
180907,3,25.5,620,245,,,1,,9/7/18 14:07,9/7/18 14:11,,4.000000034,5,bd10hg20_002,0.3,,23.51612903,289.0416667,9714.08,,,,,,,,,,,,C:/MassCenter DataORG/DropletMSProject.7pj/180907.7fl\Data003.7rw,180907_003_25.5,bd10hg20,2,,305,9729.7,,0.002420829,0.031347318,0.029754919,,,
180907,3,30.41,650,300,,,1,,9/7/18 14:13,9/7/18 14:16,,3.000000094,5,bd10hg20_002,0.3,,25.44,462.1612903,15218.93548,,,,,,,,,,,,C:/MassCenter DataORG/DropletMSProject.7pj/180907.7fl\Data003.7rw,180907_003_30.4,bd10hg20,2,,485.6,15222,,0.001671602,0.031901196,0.030367518,,,
180907,3,36.34,670,285,,,1,,9/7/18 14:19,9/7/18 14:22,,2.999999947,5,bd10hg20_002,0.3,,20.67741935,393.6129032,14525.6129,,,,,,,,,,,,C:/MassCenter DataORG/DropletMSProject.7pj/180907.7fl\Data003.7rw,180907_003_36.3,bd10hg20,2,,409.9,14523.4,,0.001423514,0.028223419,0.027097852,,,
180907,4,0.35,620,285,,,1,,9/7/18 14:31,9/7/18 15:01,,29.99999996,13,bd10hg20_002,0.3,,19.5,332.5806452,21580.67742,,40,68,4.93,60,4.17,34,74,4.95,64,4.12,C:/MassCenter DataORG/DropletMSProject.7pj/180907.7fl\Data004.7rw,180907_004_0.3,bd10hg20,2,,361.9,21574.8,,0.000903586,0.0167742,0.015411038,,,
180907,5,0.3,690,330,,,1,,9/7/18 15:04,9/7/18 15:56,,51.99999998,12,bd10hg20_002,0.3,,19.35483871,403.5806452,37181.93548,,35,77,4.98,69,4.26,28,85,4.98,76,4.26,C:/MassCenter DataORG/DropletMSProject.7pj/180907.7fl\Data005.7rw,180907_005_0.3,bd10hg20,2,,415.9,37210.5,,0.000520544,0.011176953,0.010854213,,,
180907,6,0.35,700,315,,,1,,9/7/18 16:01,9/7/18 16:30,,29.00000002,12,bd10hg20_002,0.3,,17.75,334.7096774,21673.29032,,35,74,4.98,66,4.26,29,80,4.95,70,4.16,C:/MassCenter DataORG/DropletMSProject.7pj/180907.7fl\Data006.7rw,180907_006_0.3,bd10hg20,2,,359.6,21683.6,,0.00081898,0.016583962,0.015443418,,,
180910,1,16.5,640,315,,,1,,9/10/18 9:06,9/10/18 9:19,,12.99999989,12,bd10hg20_002,0.3,,19.80645161,391.4193548,28906.29032,,35,77,4.97,67,4.07,31,78,4.87,69,4.1,C:/MassCenter DataORG/DropletMSProject.7pj/180910.7fl\Data001.7rw,180910_001_16.5,bd10hg20,2,,388.4,28958.4,,0.000685195,0.013412343,0.013540975,,,
180910,2,0.3,620,320,,,1,,9/10/18 9:43,9/10/18 9:57,,13.99999997,14,bd10hg20_002,0.3,,32.41935484,1087.032258,56086.16129,,40,77,4.95,68,4.09,36,79,5,70,4.15,C:/MassCenter DataORG/DropletMSProject.7pj/180910.7fl\Data002.7rw,180910_002_0.3,bd10hg20,2,,1108.9,56101,,0.000578028,0.019766136,0.01938147,,,
180924,1,0.25,480,280,,,1,,9/24/18 9:00,9/24/18 10:15,,75,70,bd10hg10sc10_001,0.3,,19.76923077,696.6538462,17312.40741,,49,70,5,63,4.08,54,68,4.96,63,4.22,C:/MassCenter DataORG/DropletMSProject.7pj/180924.7fl\Data001.7rw,180924_001_0.2,bd10hg10sc10,1,,704.7,17289.2,,0.001141911,0.040759549,0.040240149,,,
180924,2,0.55,520,280,,,1,,9/24/18 11:24,9/24/18 11:58,,34.00000001,70,bd10hg10sc10_001,0.3,,13.90322581,1043.032258,16569.25806,,49,67,4.97,60,4.16,51,65,4.9,59,4.15,C:/MassCenter DataORG/DropletMSProject.7pj/180924.7fl\Data002.7rw,180924_002_0.6,bd10hg10sc10,1,,1058.5,16575.8,,0.000839098,0.063858155,0.062949847,,,
180925,1,0.3,473,308,,,1,,9/25/18 11:59,9/25/18 14:38,,159,70,bd10hg10sc10_001,0.3,,14.29032258,402.2903226,15834.16129,start of using +800 V DC supply for transfer,45,71,4.98,63,4.04,37,78,4.99,70,4.07,C:/MassCenter DataORG/DropletMSProject.7pj/180925.7fl\Data001.7rw,180925_001_0.3,bd10hg10sc10,1,,426.3,15849.3,,0.0009025,0.026897087,0.025406481,,,
180925,2,0.9,400,279,,,1,,9/25/18 14:52,9/25/18 16:40,,108,70,bd10hg10sc10_001,0.3,,15.85714286,311.1935484,11416.22581,,38,73,4.97,66,4.18,43,73,4.93,65,4.01,C:/MassCenter DataORG/DropletMSProject.7pj/180925.7fl\Data002.7rw,180925_002_0.9,bd10hg10sc10,1,,339.8,11425.5,,0.001389,0.029740493,0.027258882,,,
180926,1,1.7,480,285,,,1,,9/25/18 16:48,9/26/18 8:33,,945,70,bd10hg10sc10_001,0.3,,17.06451613,122.483871,12556.54839,,48,67,4.96,60,4.09,37,75,4.92,68,4.2,C:/MassCenter DataORG/DropletMSProject.7pj/180926.7fl\Data001.7rw,180926_001_1.7,bd10hg10sc10,1,,144.5,12555,,0.001359013,0.011509359,0.009754581,,,
180926,2,0.55,512,311,,,1,,9/26/18 8:40,9/26/18 12:28,,228,70,bd10hg10sc10_001,0.3,,11.22580645,325.0967742,14319.74194,,45,70,4.89,64,4.2,46,72,4.97,65,4.03,C:/MassCenter DataORG/DropletMSProject.7pj/180926.7fl\Data002.7rw,180926_002_0.6,bd10hg10sc10,1,,336.77,14337.5,,0.000783939,0.023488753,0.022702698,,,
180926,3,0.5,530,330,,,1,,9/26/18 12:39,9/26/18 18:01,,322,70,bd10hg10sc10_001,0.3,,18.03225806,272.516129,9843.354839,,49,70,5,62,4.06,46,71,4.87,64,4.03,C:/MassCenter DataORG/DropletMSProject.7pj/180926.7fl\Data003.7rw,180926_003_0.5,bd10hg10sc10,1,,280.7,9858,,0.001831922,0.028474336,0.02768529,,,
181001,1,0.4,460,210,,,1,,10/1/18 9:18,10/1/18 11:02,,104,70,bd10hg10sc10_001,0.3,,22.4516129,65.51612903,5536.645161,bad peak,31,43,4.98,,,32,42,4.96,37,4.68,C:/MassCenter DataORG/DropletMSProject.7pj/181001.7fl\Data001.7rw,181001_001_0.4,bd10hg10sc10,1,,165,5544.9,,0.004055093,0.029757074,0.011833182,,,
181001,2,0.25,550,210,,,1,,10/1/18 11:31,10/1/18 11:35,,4.000000003,70,bd10hg10sc10_001,0.3,,14.87096774,179.4444444,7611.923077,bad peak,,,,,,,,,,,C:/MassCenter DataORG/DropletMSProject.7pj/181001.7fl\Data002.7rw,181001_002_0.2,bd10hg10sc10,1,,229.3,7630.1,,0.001953641,0.030052031,0.023574127,,,
181001,2,7.2,520,215,,,1,,10/1/18 11:39,10/1/18 11:42,,2.999999999,70,bd10hg10sc10_001,0.3,,15.06451613,105.3225806,2837.387097,bad peak,,,,,,,,,,,C:/MassCenter DataORG/DropletMSProject.7pj/181001.7fl\Data002.7rw,181001_002_7.2,bd10hg10sc10,1,,122,2845.9,,0.005309292,0.042868688,0.037119567,,,
181001,2,15.8,610,295,,,1,,10/1/18 11:48,10/1/18 11:51,,2.999999999,70,bd10hg10sc10_001,0.3,,15.48387097,350.25,3118,,,,,,,,,,,,C:/MassCenter DataORG/DropletMSProject.7pj/181001.7fl\Data002.7rw,181001_002_15.8,bd10hg10sc10,1,,379.8,3127.8,,0.004965963,0.121427201,0.112331623,,,
181001,2,25,630,280,,,1,,10/1/18 11:58,10/1/18 12:00,,1.999999996,70,bd10hg10sc10_001,0.3,,22.4516129,699.6451613,15340.19355,,,,,,,,,,,,C:/MassCenter DataORG/DropletMSProject.7pj/181001.7fl\Data002.7rw,181001_002_25.0,bd10hg10sc10,1,,729.6,15339.1,,0.001463581,0.04756472,0.045608627,,,
181001,2,30,620,275,,,1,,10/1/18 12:03,10/1/18 12:05,,1.999999996,70,bd10hg10sc10_001,0.3,,21.1875,458.9032258,6384.548387,,,,,,,,,,,,C:/MassCenter DataORG/DropletMSProject.7pj/181001.7fl\Data002.7rw,181001_002_30.0,bd10hg10sc10,1,,485.4,6385.8,,0.003318559,0.076012403,0.071877163,,,
181001,2,36.6,630,280,,,1,,10/1/18 12:09,10/1/18 12:11,,2.000000007,70,bd10hg10sc10_001,0.3,,18.06451613,318.4516129,3204.387097,,,,,,,,,,,,C:/MassCenter DataORG/DropletMSProject.7pj/181001.7fl\Data002.7rw,181001_002_36.6,bd10hg10sc10,1,,359.7,3213.4,,0.005637433,0.111937512,0.099379882,,,
181001,2,45,580,275,,,1,,10/1/18 12:18,10/1/18 12:20,,2.000000007,70,bd10hg10sc10_001,0.3,,19.80645161,430.483871,4229.129032,,,,,,,,,,,,C:/MassCenter DataORG/DropletMSProject.7pj/181001.7fl\Data002.7rw,181001_002_45.0,bd10hg10sc10,1,,483.2,4237.2,,0.004683341,0.114037572,0.101790196,,,
181001,3,0.3,610,290,,,1,,10/1/18 12:44,10/1/18 13:34,,50.00000001,70,bd10hg10sc10_001,0.3,,21.93548387,552.8709677,12354.22581,,37,67,4.97,60,4.23,36,68,4.95,61,4.28,C:/MassCenter DataORG/DropletMSProject.7pj/181001.7fl\Data003.7rw,181001_003_0.3,bd10hg10sc10,1,,592.3,12364.6,,0.001775545,0.047902884,0.044751567,,,
181001,4,0.4,595,278,,,1,,10/1/18 13:50,10/1/18 15:00,,70,70,bd10hg10sc10_001,0.3,,28.90322581,1527.83871,47212.06452,,57,61,5,54,4.16,62,59,4.96,52,4.08,C:/MassCenter DataORG/DropletMSProject.7pj/181001.7fl\Data004.7rw,181001_004_0.4,bd10hg10sc10,1,,1571.1,47211.96,,0.0006122,0.033277585,0.032361193,,,
181001,5,0.65,444,241,,,1,,10/1/18 15:05,10/1/18 15:38,,33,70,bd10hg10sc10_001,0.3,,19.64516129,279.9354839,7862.806452,,30,47,4.89,36,4.17,31,48,4.99,35,4.13,C:/MassCenter DataORG/DropletMSProject.7pj/181001.7fl\Data005.7rw,181001_005_0.7,bd10hg10sc10,1,,307.4,7871.85,,0.002498492,0.039050541,0.03560249,,,
181003,2,0.35,590,320,,,1,,10/3/18 11:16,10/3/18 15:23,,247,70,bd10hg10sc10_001,0.3,,22.5483871,641.4193548,33695.09677,,50,65,4.96,57,4,49,67,4.94,62,4.2,C:/MassCenter DataORG/DropletMSProject.7pj/181003.7fl\Data002.7rw,181003_002_0.3,bd10hg10sc10,1,,655.5,33674.5,,0.000669189,0.019465768,0.019035985,,,
181004,1,0.55,590,320,,,1,,10/4/18 9:27,10/4/18 9:32,,4.999999995,70,bd10hg10ss10_001,0.3,,17.51612903,1903.806452,20063.87097,,36,76,4.96,69,4.21,,,,,,C:/MassCenter DataORG/DropletMSProject.7pj/181004.7fl\Data001.7rw,181004_001_0.6,bd10hg10ss10,1,,1940.9,20076.1,,0.000873018,0.096677144,0.094887295,,,
181004,2,0.6,616,330,,,1,,10/4/18 9:36,10/4/18 11:35,,119,70,bd10hg10ss10_001,0.3,,18.79166667,982.6129032,24355.77419,,41,73,4.95,66,4.16,35,82,4.95,74,4.21,C:/MassCenter DataORG/DropletMSProject.7pj/181004.7fl\Data002.7rw,181004_002_0.6,bd10hg10ss10,1,,993.97,24333.5,,0.000771549,0.040847802,0.040344146,,,
181004,3,0.25,565,325,,,1,,10/4/18 11:45,10/4/18 13:50,,125,70,bd10hg10ss10_001,0.3,,14.41935484,1535.214286,38228.89286,,46,72,4.97,65,4.21,34,80,4.89,73,4.25,C:/MassCenter DataORG/DropletMSProject.7pj/181004.7fl\Data003.7rw,181004_003_0.2,bd10hg10ss10,1,,1548.9,38200.9,,0.000377185,0.040546165,0.040158482,,,
181004,4,0.25,635,340,,,1,,10/4/18 13:57,10/4/18 14:44,,47,70,bd10hg10ss10_001,0.3,,19.67741935,1118.434783,22230.875,,44,66,4.94,60,4.27,38,72,4.98,65,4.26,C:/MassCenter DataORG/DropletMSProject.7pj/181004.7fl\Data004.7rw,181004_004_0.2,bd10hg10ss10,1,,1138,22239.7,,0.000885139,0.051169755,0.050309976,,,
181004,6,0.25,560,290,,,1,,10/4/18 15:54,10/4/18 18:12,,138,70,bd10hg10ss10_001,0.3,,20.19354839,2655.222222,93867.51852,,54,60,4.95,55,4.33,44,67,4.96,60,4.19,C:/MassCenter DataORG/DropletMSProject.7pj/181004.7fl\Data006.7rw,181004_006_0.2,bd10hg10ss10,1,,2662.1,93858.6,,0.000215128,0.028362878,0.028286912,,,
181005,1,0.3,450,255,,,1,,10/4/18 18:19,10/5/18 8:38,,859,70,bd10hg10ss10_001,0.3,,24,394.3870968,22751.29032,,31,65,4.93,57,4.26,25,72,4.91,61,4.15,C:/MassCenter DataORG/DropletMSProject.7pj/181005.7fl\Data001.7rw,181005_001_0.3,bd10hg10ss10,1,,414.7,22751.2,,0.001054885,0.01822761,0.017334713,,,
181005,2,0.35,625,290,,,1,,10/5/18 8:45,10/5/18 8:50,,4.999999995,70,bd10hg10ss10_001,0.3,,22.70967742,3275.096774,55876.12903,,50,63,5,57,4.3,,,,,,C:/MassCenter DataORG/DropletMSProject.7pj/181005.7fl\Data002.7rw,181005_002_0.3,bd10hg10ss10,1,,3295.5,55849.2,,0.000406429,0.059007112,0.058613523,,,
181005,2,11.4,520,270,,,1,,10/5/18 8:56,10/5/18 9:01,,5.000000006,70,bd10hg10ss10_001,0.3,,26.91666667,2592.416667,26093.47368,,55,60,4.91,54,4.18,,,,,,C:/MassCenter DataORG/DropletMSProject.7pj/181005.7fl\Data002.7rw,181005_002_11.4,bd10hg10ss10,1,,2624.7,26089.8,,0.001031548,0.100602534,0.099351152,,,
181005,2,30,400,220,,,1,,10/5/18 9:16,10/5/18 9:20,,4.000000003,70,bd10hg10ss10_001,0.3,,25.22580645,4242.612903,53514.90323,,48,65,4.89,58,4.11,,,,,,C:/MassCenter DataORG/DropletMSProject.7pj/181005.7fl\Data002.7rw,181005_002_30.0,bd10hg10ss10,1,,4271.1,53476.5,,0.000471379,0.079868727,0.079279091,,,
181005,3,0.3,550,285,,,1,,10/5/18 9:25,10/5/18 9:41,,16,70,bd10hg10ss10_001,0.3,,22.93548387,2039.193548,27209.29032,,35,78,4.95,71,4.23,32,79,4.88,4.18,4.18,C:/MassCenter DataORG/DropletMSProject.7pj/181005.7fl\Data003.7rw,181005_003_0.3,bd10hg10ss10,1,,2042.5,27184.6,,0.000842928,0.075134451,0.074944753,,,
181005,4,0.3,570,320,,,1,,10/5/18 9:44,10/5/18 10:01,,17,70,bd10hg10ss10_001,0.3,,16.74193548,3046.064516,59267.06452,,57,59,4.91,52,4.06,55,59,4.86,4.12,4.12,C:/MassCenter DataORG/DropletMSProject.7pj/181005.7fl\Data004.7rw,181005_004_0.3,bd10hg10ss10,1,,3051.4,59301.7,,0.000282483,0.051455523,0.051395569,,,
181005,5,0.25,620,310,,,1,,10/5/18 10:33,10/5/18 11:43,,70,70,bd10hg10ss10_001,0.3,,23.09677419,1101.962963,16816.25926,,37,69,4.93,62,3.89,26,81,4.92,73,4.29,C:/MassCenter DataORG/DropletMSProject.7pj/181005.7fl\Data005.7rw,181005_005_0.2,bd10hg10ss10,1,,1098.2,16819.3,,0.001373479,0.065294037,0.065529613,,,
181005,6,0.25,570,300,,,1,,10/5/18 11:57,10/5/18 15:51,,234,70,bd10hg10ss10_001,0.3,,14,2296.730769,61967.84615,,51,62,4.98,55,4.18,38,72,4.98,65,4.23,C:/MassCenter DataORG/DropletMSProject.7pj/181005.7fl\Data006.7rw,181005_006_0.2,bd10hg10ss10,1,,2310.1,61965.9,,0.000225924,0.037280182,0.037063266,,,
181026,2,0.25,570,285,,,1,,10/26/18 11:41,10/26/18 12:48,,66.99999988,70,bd10hg10ss10_001,0.3,,634.92,4133.28,244210.8462,,50,65,4.96,59,4.27,38,69,4.92,63,4.25,C:/MassCenter DataORG/DropletMSProject.7pj/181026.7fl\Data002.7rw,181026_002_0.2,bd10hg10ss10,1,,,,,0.002599885,,0.016925047,,,
181029,1,8.5,575,250,,,1,,10/29/18 10:17,10/29/18 10:22,,4.999999964,70,bd10hg10ss10_001,0.3,,92.41935484,1369.08,47693.80769,,26,40,4.99,,,,,,,,C:/MassCenter DataORG/DropletMSProject.7pj/181029.7fl\Data001.7rw,181029_001_8.5,bd10hg10ss10,1,,1407.6,47694,,0.001937764,0.029513146,0.028705613,,,
181029,2,0.2,670,270,,,1,,10/29/18 10:24,10/29/18 10:29,,5.000000111,70,bd10hg10ss10_001,0.3,,98.25806452,1676.55,72113.9,,18,47,4.96,,,,,,,,C:/MassCenter DataORG/DropletMSProject.7pj/181029.7fl\Data002.7rw,181029_002_0.2,bd10hg10ss10,1,,1724.7,72124.7,,0.00136254,0.023912751,0.023248639,,,
181029,3,0.2,670,270,,,1,,10/29/18 10:37,10/29/18 11:14,,37.00000008,70,bd10hg10ss10_001,0.3,,110.9032258,1481,64576.17647,,14,58,4.93,38,4.21,,,,,,C:/MassCenter DataORG/DropletMSProject.7pj/181029.7fl\Data003.7rw,181029_003_0.2,bd10hg10ss10,1,,1502.6,64583.4,,0.001717402,0.023266041,0.022934154,,,
181029,4,0.35,650,300,,,1,,10/29/18 11:28,10/29/18 13:38,,130,70,bd10hg10sc10_001,0.3,,87.32258065,58.48387097,13980.22581,bad peak,23,77,4.89,66,4.13,,,,,,C:/MassCenter DataORG/DropletMSProject.7pj/181029.7fl\Data004.7rw,181029_004_0.3,bd10hg10sc10,1,,80.9,13991.8,,0.006246149,0.005781958,0.004183328,,,
181115,1,0.7,600,276,,,1,,11/15/18 11:59,11/15/18 13:29,,90,5,bd10hg20_005,0.3,,44.19354839,3310.451613,89797.6129,,31,52,4.93,43,4.26,25,56,4.94,43,4.12,C:/MassCenter DataORG/DropletMSProject.7pj/181115.7fl\Data001.7rw,181115_001_0.7,bd10hg20,5,,3358.4,89801,,0.000492146,0.037398247,0.036865697,,,
181115,2,0.3,604,272,,,1,,11/15/18 13:29,11/15/18 13:49,,19.99999988,5,bd10hg20_005,0.3,,49.5483871,3110.645161,63491.83871,,34,47,4.97,41,4.56,24,49,4.92,36,4.22,C:/MassCenter DataORG/DropletMSProject.7pj/181115.7fl\Data002.7rw,181115_002_0.3,bd10hg20,5,,3282.5,63467.29,,0.00078039,0.051719555,0.048992835,,,
181115,3,0.3,636,290,,,1,,11/15/18 13:57,11/15/18 14:17,,20.00000001,5,bd10hg20_005,0.3,,74,2563.645161,46780.3871,,20,58,4.93,47,4.23,16,64,5,57,4.3,C:/MassCenter DataORG/DropletMSProject.7pj/181115.7fl\Data003.7rw,181115_003_0.3,bd10hg20,5,,2655.7,46771.2,,0.00158186,0.056780668,0.054801709,,,
181115,6,0.25,,,,,1,,11/15/18 15:17,11/15/18 15:20,,2.999999947,5,bd10hg20_006,0.3,,45.29032258,2553.461538,46139.84615,,,,,,,,,,,,C:/MassCenter DataORG/DropletMSProject.7pj/181115.7fl\Data006.7rw,181115_006_0.2,bd10hg20,6,,2670.4,46160,,0.000981588,0.057850953,0.055341787,,,
181115,6,3.09,590,295,,,1,,11/15/18 15:21,11/15/18 15:23,,2.000000017,5,bd10hg20_006,0.3,,59.64516129,2966.387097,42640.74194,,,,,,,,,,,,C:/MassCenter DataORG/DropletMSProject.7pj/181115.7fl\Data006.7rw,181115_006_3.1,bd10hg20,6,,3023.1,42638.4,,0.001398783,0.070900878,0.069566967,,,
181115,6,6.5,590,225,,,1,,11/15/18 15:24,11/15/18 15:26,,2.000000017,5,bd10hg20_006,0.3,,33.4516129,3257.2,53239.6,,,,,,,,,,,,C:/MassCenter DataORG/DropletMSProject.7pj/181115.7fl\Data006.7rw,181115_006_6.5,bd10hg20,6,,3248.3,53216.5,,0.000628322,0.061039339,0.061180024,,,
181115,7,0.22,610,285,,,1,,11/15/18 15:41,11/15/18 17:11,,90,5,bd10hg20_006,0.3,,37.23529412,1898.375,44929.75,,30,63,5.01,55,4.38,20,70,4.99,61,4.41,C:/MassCenter DataORG/DropletMSProject.7pj/181115.7fl\Data007.7rw,181115_007_0.2,bd10hg20,6,,1947.2,44933.9,,0.000828745,0.043334765,0.042252071,,,
181116,1,0.25,591,297,,,1,,11/16/18 11:05,11/16/18 11:25,,19.99999988,5,bd10hg20_007,0.3,,35.74193548,486,16682.24,,20,78,4.96,67,4.3,11,85,4.97,73,4.34,C:/MassCenter DataORG/DropletMSProject.7pj/181116.7fl\Data001.7rw,181116_001_0.2,bd10hg20,7,,546.6,16678.5,,0.002142514,0.032772731,0.029132778,,,
181116,2,1.6,590,285,,,1,,11/16/18 11:31,11/16/18 11:33,,2.000000017,5,bd10hg20_007,0.3,,25.70588235,1042.483871,29008.03226,,,,,,,,,,,,C:/MassCenter DataORG/DropletMSProject.7pj/181116.7fl\Data002.7rw,181116_002_1.6,bd10hg20,7,,1096.5,29019.3,,0.000886164,0.037785198,0.035937766,,,
181116,2,4.6,660,302,,,1,,11/16/18 11:34,11/16/18 11:36,,1.99999987,5,bd10hg20_007,0.3,,25.4516129,522.7741935,13796.70968,,,,,,,,,,,,C:/MassCenter DataORG/DropletMSProject.7pj/181116.7fl\Data002.7rw,181116_002_4.6,bd10hg20,7,,588.4,13797.3,,0.00184476,0.042646025,0.037891222,,,
181116,2,6.9,600,325,,,1,,11/16/18 11:37,11/16/18 11:38,,0.99999994,5,bd10hg20_007,0.3,,29.29032258,478.5806452,8714.709677,,,,,,,,,,,,C:/MassCenter DataORG/DropletMSProject.7pj/181116.7fl\Data002.7rw,181116_002_6.9,bd10hg20,7,,411.8,8726.2,,0.003361021,0.047191217,0.054916419,,,
181116,2,10,610,315,,,1,,11/16/18 11:40,11/16/18 11:41,,1.000000077,5,bd10hg20_007,0.3,,23.48387097,1000.16129,13479.93548,,,,,,,,,,,,C:/MassCenter DataORG/DropletMSProject.7pj/181116.7fl\Data002.7rw,181116_002_10.0,bd10hg20,7,,847.2,13484,,0.001742135,0.062830021,0.074196297,,,
181116,2,13,600,266,,,1,,11/16/18 11:42,11/16/18 11:44,,2.000000017,5,bd10hg20_007,0.3,,24.51612903,739.68,35629.04,,,,,,,,,,,,C:/MassCenter DataORG/DropletMSProject.7pj/181116.7fl\Data002.7rw,181116_002_13.0,bd10hg20,7,,759.7,35616.5,,0.000688094,0.021330002,0.020760593,,,
181116,3,0.45,580,308,,,1,,11/16/18 13:59,11/16/18 14:18,,18.99999993,5,bd10hg20_007,0.3,,17.96774194,524.4516129,18118.45161,,17,90,4.97,78,4.3,10,96,4.95,81,4.14,C:/MassCenter DataORG/DropletMSProject.7pj/181116.7fl\Data003.7rw,181116_003_0.5,bd10hg20,7,,583.7,18121.3,,0.000991682,0.032210713,0.028945719,,,
181128,1,0.65,672,281,,,1,,11/28/18 9:42,11/28/18 10:05,,23,5,bd10hg20_008,0.3,,19.64516129,593.0645161,63801.74194,,30,62,4.89,53,4.22,22,68,5,57,4.28,C:/MassCenter DataORG/DropletMSProject.7pj/181128.7fl\Data001.7rw,181128_001_0.7,bd10hg20,8,,,,,0.00030791,,0.009295428,,,
181128,2,0.45,652,278,,,1,,11/28/18 10:07,11/28/18 10:29,,22,5,bd10hg20_008,0.3,,19.90322581,481.0645161,32092.32258,,27,63,4.94,53,4.21,22,67,4.92,57,4.29,C:/MassCenter DataORG/DropletMSProject.7pj/181128.7fl\Data002.7rw,181128_002_0.5,bd10hg20,8,,,,,0.000620187,,0.014990019,,,
181128,3,0.4,680,295,,,1,,11/28/18 10:32,11/28/18 10:53,,21.00000001,5,bd10hg20_008,0.3,,20.06451613,96.83870968,17300.54839,,16,69,4.96,56,4.23,13,72,4.97,60,4.36,C:/MassCenter DataORG/DropletMSProject.7pj/181128.7fl\Data003.7rw,181128_003_0.4,bd10hg20,8,,,,,0.001159762,,0.005597436,,,
181128,4,0.63,660,287,,,1,,11/28/18 11:13,11/28/18 11:59,,45.99999999,5,bd10hg20_008,0.3,,14.12903226,309.8387097,22150.32258,,28,67,5,57,4.27,20,72,5,61,4.3,C:/MassCenter DataORG/DropletMSProject.7pj/181128.7fl\Data004.7rw,181128_004_0.6,bd10hg20,8,,,,,0.00063787,,0.013988,,,
181128,5,0.4,697,289,,,1,,11/28/18 12:01,11/28/18 13:05,,64,5,bd10hg20_008,0.3,,17.70967742,244,25549.25806,,24,62,4.94,49,4.13,17,66,4.99,55,4.36,C:/MassCenter DataORG/DropletMSProject.7pj/181128.7fl\Data005.7rw,181128_005_0.4,bd10hg20,8,,,,,0.000693158,,0.00955018,,,
181128,6,0.5,660,285,,,1,,11/28/18 13:22,11/28/18 13:32,,10,5,bd10hg20_008,0.3,,30.38709677,836.5483871,30518.74194,,31,66,4.98,58,4.3,27,70,5,64,4.55,C:/MassCenter DataORG/DropletMSProject.7pj/181128.7fl\Data006.7rw,181128_006_0.5,bd10hg20,8,,,,,0.000995686,,0.027410972,,,
181128,7,1.44,666,276,,,1,,11/28/18 13:33,11/28/18 13:43,,10,5,bd10hg20_008,0.3,,47.42307692,1117.322581,30796.48387,,28,63,5,53,4.25,26,64,4.97,54,4.24,C:/MassCenter DataORG/DropletMSProject.7pj/181128.7fl\Data007.7rw,181128_007_1.4,bd10hg20,8,,,,,0.001539886,,0.036280849,,,
181128,9,0.85,650,283,,,1,,11/28/18 13:56,11/28/18 14:08,,12,5,bd10hg20_008,0.3,,28,807.3225806,41612.70968,,25,69,4.97,61,4.44,18,72,4.99,62,4.39,C:/MassCenter DataORG/DropletMSProject.7pj/181128.7fl\Data009.7rw,181128_009_0.8,bd10hg20,8,,,,,0.000672871,,0.019400865,,,
181128,10,3.62,660,327,,,1,,,,,1.416666667,5,bd10hg20_008,0.3,,30.80645161,316.2580645,7823.129032,stopwatch time,,,,,,,,,,,C:/MassCenter DataORG/DropletMSProject.7pj/181128.7fl\Data010.7rw,181128_010_3.6,bd10hg20,8,,,,,0.003937868,,0.040426032,,,
181128,10,7.07,660,298,,,1,,,,,1.75,5,bd10hg20_008,0.3,,31.16129032,608.4516129,17508.41935,stopwatch time,,,,,,,,,,,C:/MassCenter DataORG/DropletMSProject.7pj/181128.7fl\Data010.7rw,181128_010_7.1,bd10hg20,8,,,,,0.001779789,,0.034751944,,,
181128,10,10.81,660,288,,,1,,,,,1.7,5,bd10hg20_008,0.3,,43.58064516,585.3548387,14165.06452,stopwatch time,,,,,,,,,,,C:/MassCenter DataORG/DropletMSProject.7pj/181128.7fl\Data010.7rw,181128_010_10.8,bd10hg20,8,,,,,0.003076629,,0.041323839,,,
181128,10,15.42,460,235,,,1,,,,,2.083333333,5,bd10hg20_008,0.3,,20.06451613,2722.935484,32398.80645,stopwatch time,,,,,,,,,,,C:/MassCenter DataORG/DropletMSProject.7pj/181128.7fl\Data010.7rw,181128_010_15.4,bd10hg20,8,,,,,0.000619298,,0.084044315,,,
181128,10,20.05,670,296,,,1,,,,,2,5,bd10hg20_008,0.3,,25.96774194,567.7419355,11468.35484,stopwatch time,,,,,,,,,,,C:/MassCenter DataORG/DropletMSProject.7pj/181128.7fl\Data010.7rw,181128_010_20.1,bd10hg20,8,,,,,0.002264295,,0.04950509,,,
181128,10,27.1,640,276,,,1,,,,,2,5,bd10hg20_008,0.3,,38.1,897.0645161,26859.19355,stopwatch time,,,,,,,,,,,C:/MassCenter DataORG/DropletMSProject.7pj/181128.7fl\Data010.7rw,181128_010_27.1,bd10hg20,8,,,,,0.001418509,,0.033398788,,,
181128,10,31.17,655,265,,,1,,,,,2.166666667,5,bd10hg20_008,0.3,,31.58333333,675.0322581,28076.96774,stopwatch time,,,,,,,,,,,C:/MassCenter DataORG/DropletMSProject.7pj/181128.7fl\Data010.7rw,181128_010_31.2,bd10hg20,8,,,,,0.001124884,,0.024042207,,,
181128,11,0.4,635,273,,,1,,11/28/18 14:43,11/28/18 15:00,,17,5,bd10hg20_008,0.3,,32.5483871,632.9677419,29159,,34,59,4.97,51,4.34,28,62,4.97,51,4.15,C:/MassCenter DataORG/DropletMSProject.7pj/181128.7fl\Data011.7rw,181128_011_0.4,bd10hg20,8,,,,,0.001116238,,0.021707457,,,
181128,13,0.68,660,278,,,1,,11/28/18 15:01,11/28/18 15:32,,31,5,bd10hg20_008,0.3,,41.38709677,712.2580645,51441.12903,,22,54,4.96,43,4.33,20,56,5.01,43,4.32,C:/MassCenter DataORG/DropletMSProject.7pj/181128.7fl\Data013.7rw,181128_013_0.7,bd10hg20,8,,,,,0.000804553,,0.013846082,,,
181128,14,0.4,668,286,,,1,,11/28/18 15:43,11/28/18 15:58,,15,5,bd10hg20_008,0.3,,37.44827586,513.7096774,25377.58065,,21,69,5.01,60,4.42,18,70,4.95,60,4.34,C:/MassCenter DataORG/DropletMSProject.7pj/181128.7fl\Data014.7rw,181128_014_0.4,bd10hg20,8,,,,,0.001475644,,0.020242658,,,
181128,15,0.7,660,274,,,1,,11/28/18 15:59,11/28/18 16:17,,18,5,bd10hg20_008,0.3,,21.77419355,600.5806452,38763.12903,,27,54,5,43,4.28,20,55,4.93,44,4.33,C:/MassCenter DataORG/DropletMSProject.7pj/181128.7fl\Data015.7rw,181128_015_0.7,bd10hg20,8,,,,,0.000561724,,0.015493606,,,
181128,16,0.55,660,275,,,1,,11/28/18 16:19,11/28/18 16:25,,6.000000009,5,bd10hg20_008,0.3,,29.35483871,731.5806452,28514.06452,,26,53,4.94,43,4.34,,,,,,C:/MassCenter DataORG/DropletMSProject.7pj/181128.7fl\Data016.7rw,181128_016_0.6,bd10hg20,8,,,,,0.001029486,,0.025656835,,,
181128,17,0.45,678,281,,,1,,11/28/18 16:34,11/28/18 16:39,,4.999999995,5,bd10hg20_008,0.3,,32.87096774,449.6129032,19709.19355,,21,50,4.96,43,4.61,,,,,,C:/MassCenter DataORG/DropletMSProject.7pj/181128.7fl\Data017.7rw,181128_017_0.5,bd10hg20,8,,,,,0.001667799,,0.022812344,,,
181128,18,0.45,697,297,,,1,,11/28/18 16:52,11/28/18 16:58,,5.999999999,5,bd10hg20_008,0.3,,30.5483871,718.2258065,36357.87097,,17,74,4.97,63,4.31,,,,,,C:/MassCenter DataORG/DropletMSProject.7pj/181128.7fl\Data018.7rw,181128_018_0.5,bd10hg20,8,,,,,0.000840214,,0.019754342,,,
181129,1,0.44,676,306,,,1,,11/29/18 9:48,11/29/18 10:10,,22,65,bd10hg20_008,0.3,,20.23076923,759.2580645,54245.45161,,19,75,4.97,64,4.22,16,77,4.95,65,4.25,C:/MassCenter DataORG/DropletMSProject.7pj/181129.7fl\Data001.7rw,181129_001_0.4,bd10hg20,8,,,,,0.000372949,,0.013996714,,,
181129,2,0.6,670,289,,,1,,11/29/18 14:05,11/29/18 14:53,,48,65,bd10hg20_008,0.3,,42.93548387,357.3870968,82229.74194,,29,63,4.98,56,4.43,24,66,4.96,59,4.46,C:/MassCenter DataORG/DropletMSProject.7pj/181129.7fl\Data002.7rw,181129_002_0.6,bd10hg20,8,,,,,0.000522141,,0.004346202,,,
181129,3,0.43,555,246,,,1,,11/29/18 15:48,11/29/18 16:11,,23,65,bd10hg20_008,0.3,,80.47826087,209.6774194,19542.32258,,44,42,4.98,37,4.51,37,43,4.97,36,4.43,C:/MassCenter DataORG/DropletMSProject.7pj/181129.7fl\Data003.7rw,181129_003_0.4,bd10hg20,8,,,,,0.004118152,,0.010729401,,,
181130,4,0.4,671,321,,,1,,11/30/18 13:50,11/30/18 14:33,,42.99999999,65,bd10hg20_008,0.3,,28.11111111,602.6451613,25561.22581,,16,69,4.97,57,4.26,11,72,4.95,59,4.34,C:/MassCenter DataORG/DropletMSProject.7pj/181130.7fl\Data004.7rw,181130_004_0.4,bd10hg20,8,,,,,0.001099756,,0.023576536,,,
181130,5,0.42,581,345,,,1,,11/30/18 14:38,11/30/18 15:19,,41,65,bd10hg20_008,0.3,,35.24,274.6774194,17271.70968,,12,100,4.96,90,4.26,11,106,5,92,4.11,C:/MassCenter DataORG/DropletMSProject.7pj/181130.7fl\Data005.7rw,181130_005_0.4,bd10hg20,8,,,,,0.002040331,,0.015903314,,,
181130,6,0.6,686,335,,,1,,11/30/18 15:26,11/30/18 16:14,,48,65,bd10hg20_008,0.3,,30.12903226,397,17591.96774,,23,77,4.89,70,4.37,16,83,4.97,71,4.24,C:/MassCenter DataORG/DropletMSProject.7pj/181130.7fl\Data006.7rw,181130_006_0.6,bd10hg20,8,,,,,0.001712659,,0.022567117,,,
181203,2,0.3,670,300,,,1,,12/3/18 9:18,12/3/18 10:05,,47.00000001,65,bd10hg15ss05_001,0.3,,26.82608696,60.67741935,9649.354839,,17,67,4.98,56,4.31,12,70,4.93,59,4.39,C:/MassCenter DataORG/DropletMSProject.7pj/181203.7fl\Data002.7rw,181203_002_0.3,bd10hg15ss05,1,,,,,0.002780091,,0.006288236,,,
181203,3,0.4,655,330,,,1,,12/3/18 10:09,12/3/18 10:51,,41.99999999,65,bd10hg15ss05_001,0.3,,24.80645161,105.1935484,12755.41935,,21,84,4.85,78,4.3,15,90,4.87,80,4.3,C:/MassCenter DataORG/DropletMSProject.7pj/181203.7fl\Data003.7rw,181203_003_0.4,bd10hg15ss05,1,,,,,0.001944777,,0.008246969,,,
181203,4,0,687,277,,,1,,12/3/18 10:58,12/3/18 11:08,,10,65,bd10hg15ss05_001,0.3,,,622.7,21789.7,droplet fell out of trap but seen at start of chrom,28,47,4.96,41,4.6,27,49,5,43,4.68,C:/MassCenter DataORG/DropletMSProject.7pj/181203.7fl\Data004.7rw,181203_004_0.0,bd10hg15ss05,1,,622.7,21789.7,,,0.028577723,,,,
181203,5,0.35,727,296,,,1,,12/3/18 11:14,12/3/18 11:25,,11,65,bd10hg15ss05_001,0.3,,24.67741935,281.2903226,7280,,21,58,4.98,50,4.56,17,59,4.99,47,4.41,C:/MassCenter DataORG/DropletMSProject.7pj/181203.7fl\Data005.7rw,181203_005_0.3,bd10hg15ss05,1,,,,,0.003389755,,0.038638781,,,
181203,6,0.4,668,306,,,1,,12/3/18 11:41,12/3/18 12:53,,72,65,bd10hg15ss05_001,0.3,,37.06451613,319.1290323,24345.22581,,18,77,4.97,67,4.31,18,79,4.95,69,4.37,C:/MassCenter DataORG/DropletMSProject.7pj/181203.7fl\Data006.7rw,181203_006_0.4,bd10hg15ss05,1,,,,,0.001522455,,0.013108485,,,
181203,7,0.55,656,280,,,1,,12/3/18 13:00,12/3/18 14:17,,77,65,bd10hg15ss05_001,0.3,,29.4516129,247.1612903,16860.06452,,20,67,4.95,59,4.43,16,67,4.98,58,4.51,C:/MassCenter DataORG/DropletMSProject.7pj/181203.7fl\Data007.7rw,181203_007_0.6,bd10hg15ss05,1,,,,,0.001746827,,0.01465957,,,
181203,8,0.4,679,287,,,1,,12/3/18 14:21,12/3/18 17:17,,176,65,bd10hg15ss05_001,0.3,,40.41935484,347.8387097,13262.64516,,26,51,4.98,42,4.44,19,45,4.99,40,4.8,C:/MassCenter DataORG/DropletMSProject.7pj/181203.7fl\Data008.7rw,181203_008_0.4,bd10hg15ss05,1,,,,,0.003047609,,0.026226948,,,
181204,1,0.35,651,295,,,1,,12/4/18 10:34,12/4/18 14:18,,224,65,bd10hg15ss05_001,0.3,,13.96774194,429.3225806,28486.09677,,20,84,4.92,73,4.21,21,70,4.96,59,4.23,C:/MassCenter DataORG/DropletMSProject.7pj/181204.7fl\Data001.7rw,181204_001_0.3,bd10hg15ss05,1,,,,,0.000490335,,0.015071303,,,
181210,2,0.45,692,311,,,1,,12/10/18 14:52,12/10/18 15:25,,33.00000006,5,bd10hg20_008,0.3,,20.73333333,463.4516129,15020.06452,,17,72,4.92,62,4.29,12,79,4.95,68,4.45,C:/MassCenter DataORG/DropletMSProject.7pj/181210.7fl\Data002.7rw,181210_002_0.5,bd10hg20,8,,,,,0.001380376,,0.030855501,,,
181210,3,0.4,653,305,,,1,,12/10/18 15:27,12/10/18 16:03,,35.99999999,5,bd10hg20_008,0.3,,21.64516129,1267.096774,46182.80645,,30,72,4.91,64,4.24,23,80,5,70,4.31,C:/MassCenter DataORG/DropletMSProject.7pj/181210.7fl\Data003.7rw,181210_003_0.4,bd10hg20,8,,,,,0.000468684,,0.027436548,,,
181211,1,0.4,654,312,,,1,,12/11/18 10:18,12/11/18 10:44,,25.99999993,63,bd15hg14sc02_001,0.3,,23.5,901.3870968,11444.41935,,20,73,4.96,64,4.31,14,77,4.96,66,4.32,C:/MassCenter DataORG/DropletMSProject.7pj/181211.7fl\Data001.7rw,181211_001_0.4,bd15hg14sc02,1,,,,,0.002053403,,0.078762152,,,
181211,2,0.45,687,313,,,1,,12/11/18 10:49,12/11/18 11:12,,23.00000012,63,bd15hg14sc02_001,0.3,,17.41935484,2011.645161,20914.58065,,30,71,4.97,64,4.36,27,74,4.93,68,4.41,C:/MassCenter DataORG/DropletMSProject.7pj/181211.7fl\Data002.7rw,181211_002_0.5,bd15hg14sc02,1,,,,,0.000832881,,0.096183863,,,
181211,3,0.5,660,293,,,1,,12/11/18 11:21,12/11/18 12:16,,54.99999993,63,bd15hg14sc02_001,0.3,,27.5483871,2377.483871,28572.41935,,36,59,4.92,53,4.37,30,63,4.98,55,4.3,C:/MassCenter DataORG/DropletMSProject.7pj/181211.7fl\Data003.7rw,181211_003_0.5,bd15hg14sc02,1,,,,,0.00096416,,0.08320905,,,
181211,4,0.4,668,354,,,1,,12/11/18 12:25,12/11/18 13:17,,51.99999998,63,bd15hg14sc02_001,0.3,,35.67741935,989.3548387,12962.87097,,20,88,4.94,80,4.27,18,95,4.94,83,4.2,C:/MassCenter DataORG/DropletMSProject.7pj/181211.7fl\Data004.7rw,181211_004_0.4,bd15hg14sc02,1,,,,,0.002752278,,0.076322201,,,
181211,5,0.4,697,365,,,1,,12/11/18 13:24,12/11/18 13:38,,14.00000012,63,bd15hg14sc02_001,0.3,,28.29032258,1088.903226,13440.87097,,20,93,4.94,83,4.19,17,97,4.93,86,4.21,C:/MassCenter DataORG/DropletMSProject.7pj/181211.7fl\Data005.7rw,181211_005_0.4,bd15hg14sc02,1,,,,,0.002104798,,0.081014335,,,
181211,6,0.4,658,324,,,1,,12/11/18 13:43,12/11/18 13:57,,13.99999997,63,bd15hg14sc02_001,0.3,,40.32258065,2307.483871,23811.74194,,31,74,4.95,66,4.22,28,77,4.97,69,4.26,C:/MassCenter DataORG/DropletMSProject.7pj/181211.7fl\Data006.7rw,181211_006_0.4,bd15hg14sc02,1,,,,,0.001693391,,0.096905295,,,
181211,7,0.4,703,343,,,1,,12/11/18 14:01,12/11/18 14:08,,6.999999991,63,bd15hg14sc02_001,0.3,,36.64516129,853.483871,10460.51613,,15,85,4.96,75,4.32,13,88,4.92,75,4.2,C:/MassCenter DataORG/DropletMSProject.7pj/181211.7fl\Data007.7rw,181211_007_0.4,bd15hg14sc02,1,,,,,0.003503189,,0.08159099,,,
181211,8,0.55,717,311,,,1,,12/11/18 14:16,12/11/18 14:25,,8.999999862,63,bd15hg14sc02_001,0.3,,25.67741935,1345.258065,12124.12903,,30,63,4.98,54,4.29,27,64,4.98,54,4.22,C:/MassCenter DataORG/DropletMSProject.7pj/181211.7fl\Data008.7rw,181211_008_0.6,bd15hg14sc02,1,,,,,0.002117877,,0.110957089,,,
181211,9,0.5,683,353,,,1,,12/11/18 14:34,12/11/18 16:26,,112,63,bd15hg14sc02_001,0.3,,73.4516129,532.516129,11527.29032,,20,90,4.95,83,4.42,13,97,4.92,85,4.17,C:/MassCenter DataORG/DropletMSProject.7pj/181211.7fl\Data009.7rw,181211_009_0.5,bd15hg14sc02,1,,,,,0.006371976,,0.046196124,,,
181211,10,0.35,706,326,,,1,,12/11/18 16:36,12/11/18 18:33,,117,63,bd15hg14sc02_001,0.3,,97.07142857,657.8387097,17643.32258,,20,70,4.96,61,4.25,16,71,4.93,59,4.19,C:/MassCenter DataORG/DropletMSProject.7pj/181211.7fl\Data010.7rw,181211_010_0.3,bd15hg14sc02,1,,,,,0.005501879,,0.037285421,,,
181212,1,0.4,706,305,,,1,,12/12/18 9:14,12/12/18 10:31,,76.99999997,16,bd15hg14sc02_001,0.3,,41,724.2258065,11129.58065,,26,57,4.98,52,4.58,16,57,4.95,50,4.58,C:/MassCenter DataORG/DropletMSProject.7pj/181212.7fl\Data001.7rw,181212_001_0.4,bd15hg14sc02,1,,,,,0.003683876,,0.065072156,,,
181212,2,0.45,717,313,,,1,,12/12/18 10:37,12/12/18 11:57,,80.00000007,16,bd15hg14sc02_001,0.3,,40.12903226,701.8387097,13722.96774,,20,60,4.98,52,4.47,17,60,4.98,51,4.47,C:/MassCenter DataORG/DropletMSProject.7pj/181212.7fl\Data002.7rw,181212_002_0.5,bd15hg14sc02,1,,,,,0.002924224,,0.051143362,,,
181212,5,2,660,335,,,1,,12/12/18 13:53,12/12/18 13:55,,1.833333406,16,bd15hg14sc02_001,0.3,,60.64,1383.935484,13883.45161,,,,,,,,,,,,C:/MassCenter DataORG/DropletMSProject.7pj/181212.7fl\Data005.7rw,181212_005_2.0,bd15hg14sc02,1,,,,,0.00436779,,0.099682379,,,
181212,5,4.8,690,340,,,1,,12/12/18 13:56,12/12/18 13:58,,1.500000047,16,bd15hg14sc02_001,0.3,,53,1450.225806,12083.09677,,,,,,,,,,,,C:/MassCenter DataORG/DropletMSProject.7pj/181212.7fl\Data005.7rw,181212_005_4.8,bd15hg14sc02,1,,,,,0.004386293,,0.120021037,,,
181212,5,8,620,340,,,1,,12/12/18 13:59,12/12/18 14:01,,2.016666719,16,bd15hg14sc02_001,0.3,,37.58064516,1209.354839,13385.16129,,,,,,,,,,,,C:/MassCenter DataORG/DropletMSProject.7pj/181212.7fl\Data005.7rw,181212_005_8.0,bd15hg14sc02,1,,,,,0.002807635,,0.090350412,,,
181212,5,11.5,690,317,,,1,,12/12/18 14:03,12/12/18 14:05,,1.833333406,16,bd15hg14sc02_001,0.3,,57.4516129,2301.032258,22363.64516,,,,,,,,,,,,C:/MassCenter DataORG/DropletMSProject.7pj/181212.7fl\Data005.7rw,181212_005_11.5,bd15hg14sc02,1,,,,,0.002568974,,0.102891646,,,
181212,5,14.3,710,325,,,1,,12/12/18 14:06,12/12/18 14:07,,1.783333289,16,bd15hg14sc02_001,0.3,,32.29032258,1388.870968,19103.22581,,,,,,,,,,,,C:/MassCenter DataORG/DropletMSProject.7pj/181212.7fl\Data005.7rw,181212_005_14.3,bd15hg14sc02,1,,,,,0.001690307,,0.072703479,,,
181212,5,17.2,680,295,,,1,,12/12/18 14:08,12/12/18 14:10,,1.833333259,16,bd15hg14sc02_001,0.3,,37.83870968,1753.677419,20247.54839,,,,,,,,,,,,C:/MassCenter DataORG/DropletMSProject.7pj/181212.7fl\Data005.7rw,181212_005_17.2,bd15hg14sc02,1,,,,,0.001868805,,0.08661184,,,
181212,5,28,680,307,,,1,,12/12/18 14:19,12/12/18 14:21,,2.333333386,16,bd15hg14sc02_001,0.3,,51.29032258,2049.967742,20454.64516,,,,,,,,,,,,C:/MassCenter DataORG/DropletMSProject.7pj/181212.7fl\Data005.7rw,181212_005_28.0,bd15hg14sc02,1,,,,,0.002507515,,0.100220157,,,
181212,5,30.6,690,350,,,1,,12/12/18 14:22,12/12/18 14:24,,1.916666633,16,bd15hg14sc02_001,0.3,,,1492.290323,13283.77419,,,,,,,,,,,,C:/MassCenter DataORG/DropletMSProject.7pj/181212.7fl\Data005.7rw,181212_005_30.6,bd15hg14sc02,1,,,,,,,0.112339332,,,
181212,6,11.6,718,298,,,1,,12/12/18 14:35,12/12/18 14:39,,4.000000034,63,bd15hg14sc02_001,0.3,,58.77419355,1020.064516,10411.22581,,18,54,5,50,4.8,,,,,,C:/MassCenter DataORG/DropletMSProject.7pj/181212.7fl\Data006.7rw,181212_006_11.6,bd15hg14sc02,1,,,,,0.005645271,,0.097977369,,,
181212,6,19.5,716,315,,,1,,12/12/18 14:43,12/12/18 14:47,,4.000000034,63,bd15hg14sc02_001,0.3,,64.71428571,2587.709677,43171.70968,,26,73,4.98,64,4.28,,,,,,C:/MassCenter DataORG/DropletMSProject.7pj/181212.7fl\Data006.7rw,181212_006_19.5,bd15hg14sc02,1,,,,,0.001498998,,0.05993994,,,
181212,6,26.5,642,310,,,1,,12/12/18 14:50,12/12/18 14:54,,3.999999887,63,bd15hg14sc02_001,0.3,,56.48387097,1757.483871,19665.80645,,22,81,5,70,4.27,,,,,,C:/MassCenter DataORG/DropletMSProject.7pj/181212.7fl\Data006.7rw,181212_006_26.5,bd15hg14sc02,1,,,,,0.002872187,,0.089367496,,,
181212,7,0.35,692,312,,,1,,12/12/18 14:58,12/12/18 15:43,,45,64,bd15hg14sc02_001,0.3,,54.5,922.7096774,19348.67742,,19,66,4.99,54,4.29,12,66,4.87,54,4.35,C:/MassCenter DataORG/DropletMSProject.7pj/181212.7fl\Data007.7rw,181212_007_0.3,bd15hg14sc02,1,,,,,0.00281673,,0.047688514,,,
181217,1,0.38,673,301,,,1,,12/17/18 8:27,12/17/18 11:53,,206.0000001,63,bd15hg14sc02_001,0.3,,24.77419355,285.6451613,18039.74194,,20,81,4.95,72,4.31,13,80,4.94,67,4.22,C:/MassCenter DataORG/DropletMSProject.7pj/181217.7fl\Data001.7rw,181217_001_0.4,bd15hg14sc02,1,,,,,0.001373312,,0.015834215,,,
181217,2,0.36,615,287,,,1,,12/17/18 11:57,12/17/18 14:16,,138.9999999,63,bd15hg14sc02_001,0.3,,25.74193548,673.9677419,23988.58065,,19,67,4.96,57,4.45,14,65,4.98,54,4.5,C:/MassCenter DataORG/DropletMSProject.7pj/181217.7fl\Data002.7rw,181217_002_0.4,bd15hg14sc02,1,,,,,0.001073091,,0.028095357,,,
190109,1,0.45,670,257,,,1,,1/9/19 14:26,1/9/19 16:06,,99.99999999,63,bd10hg20_008,0.3,,18,1003.451613,52589.3871,,20,72,4.92,63,4.35,18,53,4.99,46,4.68,C:/MassCenter DataORG/DropletMSProject.7pj/190109.7fl\Data001.7rw,190109_001_0.5,bd10hg20,8,,,,,0.000342274,,0.019080877,,,
190110,3,0.45,713,316,,,1,,1/10/19 12:32,1/10/19 13:45,,73,63,bd10hg20_008,0.3,,27.5,276.3870968,14197.3871,,17,79,4.93,67,4.21,13,76,4.95,65,4.34,C:/MassCenter DataORG/DropletMSProject.7pj/190110.7fl\Data003.7rw,190110_003_0.5,bd10hg20,8,,,,,0.001936976,,0.019467462,,,
190111,1,0.35,659,320,,,1,,1/11/19 9:20,1/11/19 9:31,,10.99999999,63,bd10hg20_008,0.3,,17.10714286,236.516129,3051.774194,,10,80,4.96,64,4.24,10,80,5,64,4.36,C:/MassCenter DataORG/DropletMSProject.7pj/190111.7fl\Data001.7rw,190111_001_0.3,bd10hg20,8,,,,,0.005605638,,0.077501189,,,
190111,2,0.4,664,305,,,1,,1/11/19 9:35,1/11/19 9:48,,13,63,bd10hg20_008,0.3,,10,572.516129,15460.87097,,17,75,4.99,64,4.27,14,75,4.94,64,4.34,C:/MassCenter DataORG/DropletMSProject.7pj/190111.7fl\Data002.7rw,190111_002_0.4,bd10hg20,8,,,,,0.000646794,,0.037030005,,,
190111,5,0.4,636,353,,,1,,1/11/19 16:18,1/11/19 16:40,,22,63,bd10hg20_008,0.3,,27.77419355,386.7741935,6328.225806,,18,84,4,80,3.71,16,85,4.08,80,3.7,C:/MassCenter DataORG/DropletMSProject.7pj/190111.7fl\Data005.7rw,190111_005_0.4,bd10hg20,8,,,,,0.004388938,,0.061118899,,,
190122,3,0.45,520,250,,,1,,1/22/19 13:30,1/22/19 17:53,,263,63,bd10hg20_008,0.3,,16.77419355,394.0645161,7071.967742,,35,76,4.97,70,4.33,46,63,4.96,58,4.39,C:/MassCenter DataORG/DropletMSProject.7pj/190122.7fl\Data003.7rw,190122_003_0.5,bd10hg20,8,,,,,0.002371927,,0.055722047,,,
190123,2,0.4,680,280,,,1,,1/23/19 8:46,1/23/19 12:15,,209,61,bd10hg20_008,0.3,,22.51612903,103.0322581,6356.709677,,20,80,4.93,70,4.31,16,67,4.93,56,4.32,C:/MassCenter DataORG/DropletMSProject.7pj/190123.7fl\Data002.7rw,190123_002_0.4,bd10hg20,8,,,,,0.003542104,,0.016208426,,,
190123,3,0.4,560,280,,,1,,1/23/19 14:39,1/23/19 17:08,,149,55,bd10hg20_008,0.3,,23.64516129,639.3225806,23115.51613,,31,84,5.01,78,4.34,36,73,4.98,66,4.3,C:/MassCenter DataORG/DropletMSProject.7pj/190123.7fl\Data003.7rw,190123_003_0.4,bd10hg20,8,,,,,0.001022913,,0.027657725,,,
190128,3,0.3,630,345,,,1,,1/28/19 11:28,1/28/19 11:45,,17,61,bd10hg20_008,0.3,,17.24137931,1277.290323,6382.451613,,30,85,4.85,80,4.27,31,84,4.96,79,4.31,C:/MassCenter DataORG/DropletMSProject.7pj/190128.7fl\Data003.7rw,190128_003_0.3,bd10hg20,8,,,,,0.002701373,,0.200125344,,,
190128,4,0.3,630,345,,,1,,1/28/19 11:49,1/28/19 13:22,,93,60,bd10hg20_008,0.3,,19.06451613,1020.870968,10008.93548,,33,83,4.99,79,4.33,33,80,4.97,74,4.37,C:/MassCenter DataORG/DropletMSProject.7pj/190128.7fl\Data004.7rw,190128_004_0.3,bd10hg20,8,,,,,0.00190475,,0.101995958,,,
190128,5,0.4,550,310,,,1,,1/28/19 13:27,1/28/19 13:46,,19,60,bd10hg20_008,0.3,,20.09677419,4661.806452,43259.6129,,40,72,4.96,65,4.15,40,74,5.03,67,4.22,C:/MassCenter DataORG/DropletMSProject.7pj/190128.7fl\Data005.7rw,190128_005_0.4,bd10hg20,8,,,,,0.000464562,,0.107763481,,,
190128,6,0.35,670,278,,,1,,1/28/19 14:38,1/28/19 15:42,,64,60,bd10hg20_008,0.3,,18.26315789,152.8709677,773.6451613,,21,68,4.98,58,4.34,16,67,4.97,54,4.23,C:/MassCenter DataORG/DropletMSProject.7pj/190128.7fl\Data006.7rw,190128_006_0.3,bd10hg20,8,,,,,0.023606634,,0.197598299,,,
190129,1,0.3,615,325,,,1,,1/29/19 9:33,1/29/19 10:52,,79,62,bd10hg20_008,0.3,,19.51612903,1007.741935,12118.32258,,35,83,5,78,4.36,33,80,4.88,72,4.16,C:/MassCenter DataORG/DropletMSProject.7pj/190129.7fl\Data001.7rw,190129_001_0.3,bd10hg20,8,,,,,0.001610465,,0.083158534,,,
190129,2,0.35,570,330,,,1,,1/29/19 10:56,1/29/19 11:05,,8.999999998,60,bd10hg20_008,0.3,,19.29032258,2280.419355,12649.96774,,34,81,5.06,74,4.26,32,82,4.94,74,4.23,C:/MassCenter DataORG/DropletMSProject.7pj/190129.7fl\Data002.7rw,190129_002_0.3,bd10hg20,8,,,,,0.001524931,,0.180270764,,,
190129,3,0.3,655,270,,,1,,1/29/19 11:10,1/29/19 15:05,,235,61,bd10hg20_008,0.3,,16.83870968,111.0645161,3537.935484,,25,79,4.91,71,4.28,39,68,5,61,4.26,C:/MassCenter DataORG/DropletMSProject.7pj/190129.7fl\Data003.7rw,190129_003_0.3,bd10hg20,8,,,,,0.004759473,,0.031392465,,,
190129,4,0.35,569,265,,,1,,1/29/19 15:09,1/29/19 15:15,,5.999999999,59,bd10hg20_008,0.3,,14.75,1923.903226,9908.032258,,42,66,4.98,60,4.25,39,68,5,61,4.26,C:/MassCenter DataORG/DropletMSProject.7pj/190129.7fl\Data004.7rw,190129_004_0.3,bd10hg20,8,,,,,0.001488691,,0.194176116,,,
190129,5,0.3,650,285,,,1,,1/29/19 15:23,1/29/19 16:26,,63,58,bd10hg20_008,0.3,,24.5483871,222.0967742,3311.387097,,27,73,4.95,64,4.18,28,73,4.98,64,4.28,C:/MassCenter DataORG/DropletMSProject.7pj/190129.7fl\Data005.7rw,190129_005_0.3,bd10hg20,8,,,,,0.007413325,,0.067070617,,,
190130,4,0.3,545,245,,,1,,1/30/19 13:06,1/30/19 16:46,,220,62,bd10hg15ss05_001,0.3,,20.96774194,332.4516129,5758.387097,,28,84,4.69,79,4.2,34,70,5.02,61,4.19,C:/MassCenter DataORG/DropletMSProject.7pj/190130.7fl\Data004.7rw,190130_004_0.3,bd10hg15ss05,1,,,,,0.003641253,,0.05773346,,,
190131,1,0.3,600,300,,,1,,1/31/19 10:36,1/31/19 13:28,,172,63,bd10hg15ss05_001,0.3,,24.58064516,1229,33151.77419,,38,77,4.98,70,4.08,40,71,4.99,65,4.31,C:/MassCenter DataORG/DropletMSProject.7pj/190131.7fl\Data001.7rw,190131_001_0.3,bd10hg15ss05,1,,,,,0.000741458,,0.037071922,,,
190131,2,0.4,670,310,,,1,,1/31/19 13:38,1/31/19 15:21,,103,62,bd10hg15ss05_001,0.3,,24.13333333,886.8064516,7980.612903,,29,83,4.93,74,4.14,27,80,5,90,4.15,C:/MassCenter DataORG/DropletMSProject.7pj/190131.7fl\Data002.7rw,190131_002_0.4,bd10hg15ss05,1,,,,,0.003023995,,0.111120093,,,
190131,3,0.25,645,300,,,1,,1/31/19 15:27,1/31/19 17:55,,148,62,bd10hg15ss05_001,0.3,,14.25806452,776.9230769,9878.833333,,34,80,4.92,72,4.17,35,74,5,64,4.06,C:/MassCenter DataORG/DropletMSProject.7pj/190131.7fl\Data003.7rw,190131_003_0.2,bd10hg15ss05,1,,,,,0.001443294,,0.078645226,,,
190201,1,0.3,590,350,,,1,,2/1/19 8:11,2/1/19 9:44,,93,62,bd10hg15ss05_001,0.3,,24.66666667,1757.290323,20919.54839,,30,85,4.87,80,4.04,29,88,4.96,79,4.1,C:/MassCenter DataORG/DropletMSProject.7pj/190201.7fl\Data001.7rw,190201_001_0.3,bd10hg15ss05,1,,,,,0.00117912,,0.084002307,,,
190201,2,0.3,605,315,,,1,,2/1/19 10:03,2/1/19 12:04,,121,61,bd10hg15ss05_001,0.3,,34.03225806,2304.354839,26902.77419,,33,83,4.92,75,4.12,35,77,4.98,69,4.14,C:/MassCenter DataORG/DropletMSProject.7pj/190201.7fl\Data002.7rw,190201_002_0.3,bd10hg15ss05,1,,,,,0.001265009,,0.085654915,,,
190201,3,0.3,,,,,1,,2/1/19 12:14,2/1/19 13:15,,61,62,bd10hg15ss05_001,0.3,,19.83870968,1076.387097,10845.67742,,37,72,4.97,64,4.19,31,73,4.97,64,4.13,C:/MassCenter DataORG/DropletMSProject.7pj/190201.7fl\Data003.7rw,190201_003_0.3,bd10hg15ss05,1,,,,,0.001829181,,0.099245723,,,
190201,4,34.5,,,,,1,,2/1/19 13:52,2/1/19 13:54,,2.083333328,9,bd10hg15ss05_001,0.3,,25.61290323,6702.935484,14049,,,,,,,,,,,,C:/MassCenter DataORG/DropletMSProject.7pj/190201.7fl\Data004.7rw,190201_004_34.5,bd10hg15ss05,1,,,,,0.001823112,,0.477111217,,,
190201,5,0.3,,,,,1,,2/1/19 14:02,2/1/19 16:10,,128,62,bd10hg15ss05_001,0.3,,24.93548387,2292.419355,28621.06452,,37,79,4.97,72,4.17,38,74,4.96,66,4.11,C:/MassCenter DataORG/DropletMSProject.7pj/190201.7fl\Data005.7rw,190201_005_0.3,bd10hg15ss05,1,,,,,0.000871228,,0.080095531,,,
190201,6,0.45,,,,,1,,2/1/19 16:16,2/1/19 16:20,,4.000000003,55,bd10hg15ss05_001,0.3,,31.29032258,8438.322581,29026.80645,,39,70,4.96,63,4.16,,,,,,C:/MassCenter DataORG/DropletMSProject.7pj/190201.7fl\Data006.7rw,190201_006_0.5,bd10hg15ss05,1,,,,,0.00107798,,0.290707922,,,
190201,7,0.35,,,,,1,,2/1/19 16:33,2/1/19 16:37,,4.000000003,62,bd10hg15ss05_001,0.3,,32.51612903,1302.548387,2608.870968,,33,85,4.97,77,4.07,,,,,,C:/MassCenter DataORG/DropletMSProject.7pj/190201.7fl\Data007.7rw,190201_007_0.3,bd10hg15ss05,1,,,,,0.012463679,,0.499276662,,,
190201,8,0.3,580,320,,,1,,2/1/19 16:39,2/1/19 17:05,,26,62,bd10hg15ss05_001,0.3,,17.51612903,1589,6885.064516,,40,73,4.96,67,4.23,40,75,4.99,67,4.1,C:/MassCenter DataORG/DropletMSProject.7pj/190201.7fl\Data008.7rw,190201_008_0.3,bd10hg15ss05,1,,,,,0.002544076,,0.230789413,,,