SECONDS,COUNTS_MZ150,COUNTS_MZ149,COUNTS_MZ168,COUNTS_MZ85,COUNTS_MZ84,COUNTS_MZ283
0.015417,79,213,36,170,140,74
0.020708,62,206,39,135,115,73
0.026042,62,189,44,149,91,66
0.031375,68,222,51,164,138,94
0.036708,64,234,45,158,160,84
0.042042,66,230,45,158,165,97
0.047375,55,220,48,145,151,94
0.052708,68,245,46,150,110,84
0.058042,65,245,44,171,145,86
0.063333,70,243,51,167,167,108
0.068667,77,235,49,161,136,97
0.074,68,212,58,171,130,90
0.079333,66,185,57,155,107,65
0.084667,67,251,64,170,117,82
0.09,71,233,48,170,148,103
0.095333,72,215,56,174,155,102
0.100667,76,189,53,163,124,87
0.105958,61,246,69,166,108,81
0.111292,64,235,57,149,126,64
0.116625,75,178,60,156,107,60
0.121958,71,191,52,149,91,70
0.127292,66,188,55,151,91,62
0.132625,59,220,48,150,120,66
0.137958,73,180,65,129,105,39
0.14325,63,195,52,154,83,54
0.148583,69,228,58,161,103,64
0.153917,71,179,58,136,102,63
0.15925,62,199,60,131,78,55
0.164583,65,227,59,186,132,73
0.169917,69,232,54,166,179,125
0.17525,72,230,49,176,157,115
0.180542,63,203,44,176,139,97
0.185875,57,252,62,166,143,103
0.191208,64,219,56,140,115,94
0.196542,76,185,53,164,98,82
0.201875,62,199,50,167,115,76
0.207208,77,195,48,174,141,85
0.212542,74,228,55,174,171,105
0.217875,72,241,62,181,146,86
0.223167,79,221,57,175,159,105
0.2285,69,233,49,155,125,89
0.233833,71,245,53,164,131,99
0.239167,72,235,54,156,154,99
0.2445,66,220,51,158,130,79
0.249833,66,236,61,176,156,75
0.255167,55,234,50,142,119,61
0.2605,78,260,70,166,152,110
0.265792,67,233,56,170,168,123
0.271125,76,250,51,178,176,123
0.276458,80,243,47,163,137,79
0.281792,71,213,64,172,155,90
0.287125,62,248,63,174,168,114
0.292458,71,229,63,163,173,104
0.297792,62,187,53,169,121,68
0.303083,66,183,53,145,114,60
0.308417,82,200,54,146,97,70
0.31375,62,229,55,152,156,102
0.319083,62,224,61,156,127,78
0.324417,66,229,53,147,90,61
0.32975,84,238,55,169,114,84
0.335083,84,250,43,156,114,70
0.340417,70,223,60,146,117,67
0.345708,77,198,53,156,98,63
0.351042,63,213,55,138,102,77
0.356375,68,221,53,175,151,99
0.361708,60,222,60,159,158,101
0.367042,66,197,44,186,165,96
0.372375,68,202,52,163,148,84
0.377708,56,230,51,168,158,93
0.383,72,211,54,180,143,94
0.388333,70,249,49,180,162,89
0.393667,58,227,59,135,110,81
0.399,66,254,43,180,158,83
0.404333,57,238,48,174,145,81
0.409667,60,203,54,163,126,89
0.415,57,219,58,163,126,90
0.420333,76,216,54,166,126,98
0.425625,76,241,46,142,111,77
0.430958,65,232,53,158,133,69
0.436292,67,233,41,187,161,85
0.441625,78,261,41,143,176,112
0.446958,76,237,58,151,124,82
0.452292,63,215,46,177,158,88
0.457625,64,238,53,181,162,104
0.462958,66,248,57,165,140,92
0.46825,57,267,58,167,129,86
0.473583,96,242,61,143,121,78
0.478917,52,238,51,148,128,78
0.48425,72,228,60,146,85,71
0.489583,81,283,70,172,139,108
0.494917,58,234,49,150,150,107
0.50025,76,238,50,151,104,66
0.505542,71,241,52,166,127,93
0.510875,65,221,55,162,144,84
0.516208,71,245,53,164,136,101
0.521542,69,237,62,169,131,93
0.526875,60,229,46,175,194,107
0.532208,74,234,59,163,158,112
0.537542,72,196,51,162,169,114
0.542833,65,212,54,175,146,93
0.548167,77,223,47,151,139,103
0.5535,72,281,57,174,140,100
0.558833,74,248,41,168,115,80
0.564167,65,188,51,161,104,68
0.5695,64,178,56,158,94,65
0.574833,57,182,50,126,87,44
0.580167,64,153,43,138,108,58
0.5855,61,210,54,173,116,92
0.590792,73,262,51,162,128,91
0.596125,75,197,58,143,103,64
0.601458,70,252,46,174,131,87
0.606792,62,227,51,146,136,71
0.612125,72,239,58,175,153,99
0.617458,76,266,70,164,145,93
0.622792,80,277,58,170,113,89
0.628083,76,247,53,164,133,98
0.633417,87,230,67,166,164,86
0.63875,77,226,53,180,123,96
0.644083,79,194,73,169,123,61
0.649417,77,209,72,183,110,80
0.65475,82,220,52,167,99,105
0.660083,64,204,73,166,133,88
0.665375,72,214,60,164,136,84
0.670708,77,285,63,175,164,119
0.676042,77,238,65,159,134,79
0.681375,82,256,47,161,156,106
0.686708,72,243,56,163,153,92
0.692042,81,237,61,158,142,85
0.697375,68,214,54,146,114,69
0.702667,82,229,53,152,132,100
0.708,66,205,57,154,111,75
0.713333,62,220,44,141,100,62
0.718667,63,211,57,143,111,72
0.724,65,218,42,127,106,63
0.729333,72,252,55,147,118,78
0.734667,78,225,59,163,122,98
0.74,66,225,49,156,119,68
0.745333,60,218,68,131,95,64
0.750625,60,223,45,188,173,100
0.755958,66,217,56,176,131,89
0.761292,70,262,58,149,170,89
0.766625,59,183,62,192,127,100
0.771958,71,232,55,151,131,88
0.777292,69,209,62,148,145,107
0.782625,60,249,49,171,149,102
0.787917,71,193,47,164,166,99
0.79325,59,293,43,159,131,107
0.798583,61,273,49,151,131,78
0.803917,83,235,53,173,116,90
0.80925,62,215,48,166,98,67
0.814583,66,202,49,153,114,83
0.819917,75,225,52,180,138,86
0.825208,57,257,45,152,113,74
0.830542,58,201,47,162,125,85
0.835875,70,244,50,172,141,105
0.841208,68,250,62,175,167,112
0.846542,73,228,54,168,124,98
0.851875,66,202,55,160,96,70
0.857208,70,224,49,159,118,83
0.862542,73,224,56,182,114,78
0.867833,60,239,69,180,147,110
0.873167,75,256,62,160,152,102
0.8785,64,253,60,152,141,83
0.883833,80,243,48,153,100,80
0.889167,60,286,52,160,139,90
0.8945,54,215,48,147,100,62
0.899833,67,220,45,164,112,81
0.905167,69,225,53,150,97,52
0.910458,72,194,40,153,103,79
0.915792,59,228,57,143,122,79
0.921125,65,226,58,145,112,60
0.926458,58,188,59,148,82,52
0.931792,76,206,55,151,113,81
0.937125,63,230,48,146,146,126
0.942458,77,207,51,152,125,83
0.94775,69,211,46,156,94,49
0.953083,73,232,54,167,135,103
0.958417,60,221,51,158,131,77
0.96375,71,201,59,149,106,81
0.969083,71,254,52,173,125,86
0.974417,73,260,56,165,125,93
0.97975,66,201,58,156,83,52
0.985083,71,217,48,169,125,93
0.990375,57,206,59,142,97,80
0.995708,73,251,48,152,123,80
1.001042,61,230,47,150,116,69
1.006375,71,204,59,166,130,102
1.011708,69,232,49,148,128,77
1.017042,88,249,49,178,153,69
1.022375,74,284,47,147,112,70
1.027667,68,232,65,159,113,75
1.033,67,243,60,152,112,66
1.038333,71,200,47,151,117,80
1.043667,68,225,54,131,110,65
1.049,57,241,48,155,112,60
1.054333,59,261,56,181,126,84
1.059667,71,195,58,163,93,65
1.065,76,246,51,170,109,80
1.070292,69,230,56,143,115,82
1.075625,69,244,52,156,129,97
1.080958,75,222,50,142,119,84
1.086292,65,222,46,160,126,79
1.091625,59,198,41,151,125,70
1.096958,63,218,47,156,110,68
1.102292,63,245,47,160,119,76
1.107625,68,237,54,144,107,87
1.112917,68,208,49,147,98,57
1.11825,75,291,51,173,128,88
1.123583,69,222,64,172,159,98
1.128917,79,258,68,166,125,90
1.13425,74,262,60,158,129,91
1.139583,69,259,47,146,112,75
1.144917,56,252,48,160,140,83
1.150208,69,233,62,157,142,98
1.155542,61,241,59,157,146,87
1.160875,71,248,59,176,167,115
1.166208,82,245,59,159,156,104
1.171542,54,252,43,168,159,102
1.176875,74,219,54,163,154,114
1.182208,78,225,45,185,149,99
1.1875,81,228,55,147,118,77
1.192833,72,207,61,162,165,98
1.198167,66,218,56,169,139,124
1.2035,58,211,56,155,159,110
1.208833,72,213,51,176,189,104
1.214167,74,247,64,183,204,124
1.2195,80,270,52,162,179,125
1.224833,92,290,57,173,186,132
1.230167,70,274,46,165,171,113
1.235458,64,261,58,173,175,102
1.240792,72,255,63,158,203,120
1.246125,57,228,47,161,189,135
1.251458,58,266,54,159,206,137
1.256792,80,231,51,178,247,140
1.262125,63,234,46,167,208,124
1.267458,76,245,51,166,263,134
1.27275,75,252,50,158,215,144
1.278083,80,255,67,153,231,132
1.283417,72,246,59,149,226,142
1.28875,79,234,70,164,241,155
1.294083,72,286,59,166,238,129
1.299417,69,256,55,154,243,123
1.30475,76,261,51,165,286,129
1.310042,74,271,58,176,225,133
1.315375,77,266,60,158,241,117
1.320708,76,274,54,174,245,152
1.326042,75,277,55,151,254,132
1.331375,89,258,64,152,289,122
1.336708,69,227,58,139,301,134
1.342042,60,254,53,149,304,163
1.347333,67,244,51,158,275,148
1.352667,73,281,55,155,284,141
1.358,81,260,52,151,326,142
1.363333,71,270,69,149,278,147
1.368667,75,250,65,152,259,131
1.374,73,260,57,134,285,176
1.379333,68,231,60,158,295,171
1.384667,75,254,64,141,286,150
1.389958,71,225,66,150,313,133
1.395292,65,277,61,135,342,149
1.400625,69,266,61,142,332,143
1.405958,78,257,59,128,334,149
1.411292,69,256,58,161,353,140
1.416625,70,262,62,148,365,156
1.421958,61,255,62,160,341,135
1.427292,76,280,66,146,318,158
1.432583,76,292,67,155,265,140
1.437917,74,246,62,136,300,136
1.44325,68,273,54,146,328,162
1.448583,73,252,54,146,342,140
1.453917,66,268,51,143,370,144
1.45925,68,244,61,153,311,134
1.464583,71,266,69,151,379,152
1.469875,73,255,50,132,369,147
1.475208,70,236,55,134,373,151
1.480542,74,242,50,161,352,153
1.485875,73,231,62,133,362,143
1.491208,73,238,64,146,342,151
1.496542,74,259,65,139,322,136
1.501875,72,291,60,142,359,140
1.507208,71,242,49,141,330,157
1.5125,75,257,56,147,360,149
1.517833,73,257,70,154,407,145
1.523167,90,264,62,137,399,142
1.5285,80,285,69,155,417,125
1.533833,76,246,52,144,470,125
1.539167,73,220,62,142,435,157
1.5445,61,236,47,146,487,138
1.549833,75,246,61,138,462,168
1.555125,78,259,60,145,432,164
1.560458,75,277,62,152,392,149
1.565792,73,280,55,146,328,147
1.571125,70,260,56,152,372,140
1.576458,80,241,54,134,405,131
1.581792,62,235,57,134,415,149
1.587125,64,259,61,157,449,177
1.592417,72,257,70,146,467,151
1.59775,80,234,65,132,503,175
1.603083,73,263,71,141,500,156
1.608417,76,249,52,153,484,158
1.61375,67,249,55,136,482,173
1.619083,75,287,59,145,451,160
1.624417,89,245,67,145,396,139
1.629708,70,251,59,142,400,145
1.635042,75,239,59,149,406,134
1.640375,69,246,51,124,414,144
1.645708,72,244,53,148,494,138
1.651042,69,227,66,154,479,140
1.656375,69,249,59,136,507,156
1.661708,73,244,60,122,511,144
1.667042,81,234,47,133,500,146
1.672333,74,237,57,128,530,154
1.677667,73,230,54,135,532,143
1.683,62,233,63,152,513,155
1.688333,73,250,53,130,492,183
1.693667,79,233,55,115,441,144
1.699,76,255,53,128,457,132
1.704333,57,225,63,138,481,150
1.709667,69,240,40,118,504,136
1.714958,60,250,45,128,497,133
1.720292,76,257,47,145,503,157
1.725625,60,222,53,144,564,150
1.730958,64,226,53,120,556,157
1.736292,72,238,45,153,518,151
1.741625,56,240,53,119,528,164
1.746958,70,239,62,127,556,159
1.752292,75,259,58,146,520,156
1.757583,78,244,65,135,448,144
1.762917,72,228,49,116,460,130
1.76825,72,264,57,138,469,145
1.773583,73,264,48,133,497,159
1.778917,62,263,55,148,559,157
1.78425,71,262,50,132,507,128
1.789583,71,211,67,136,548,152
1.794875,69,238,51,145,618,155
1.800208,74,235,49,163,582,158
1.805542,67,229,53,149,552,143
1.810875,67,211,57,143,596,156
1.816208,60,243,57,123,547,126
1.821542,71,284,54,129,500,138
1.826875,82,274,62,137,438,148
1.832167,84,277,62,122,459,145
1.8375,65,255,66,137,519,145
1.842833,65,223,51,124,575,135
1.848167,62,256,48,133,606,150
1.8535,75,234,58,148,647,142
1.858833,70,240,62,142,629,149
1.864167,80,192,60,148,654,147
1.8695,71,264,63,153,572,157
1.874792,68,225,59,147,571,155
1.880125,91,231,58,136,564,156
1.885458,69,272,61,144,573,121
1.890792,67,249,49,142,522,141
1.896125,83,251,61,130,519,150
1.901458,66,244,57,150,524,145
1.906792,65,248,53,136,554,145
1.912125,76,221,62,119,575,146
1.917417,57,252,49,139,621,143
1.92275,61,231,57,151,648,179
1.928083,76,235,61,150,636,161
1.933417,88,274,61,123,627,156
1.93875,64,228,46,151,603,153
1.944083,66,220,55,151,697,148
1.949417,72,281,51,136,577,147
1.954708,72,265,51,125,504,140
1.960042,70,209,57,131,519,130
1.965375,69,245,63,147,618,151
1.970708,58,244,58,147,608,132
1.976042,67,210,59,141,653,149
1.981375,63,246,56,141,705,124
1.986708,62,239,49,153,703,145
1.992,64,227,58,132,718,162
1.997333,70,237,50,130,640,150
2.002667,62,240,53,117,658,167
2.008,64,236,62,135,675,152
2.013333,62,225,53,132,585,158
2.018667,59,281,50,142,547,131
2.024,71,251,47,145,541,151
2.029333,67,236,64,134,606,123
2.034625,78,257,61,127,619,151
2.039958,70,255,58,138,654,137
2.045292,72,249,52,133,609,154
2.050625,76,256,61,160,668,173
2.055958,72,237,63,137,643,155
2.061292,75,226,58,149,632,153
2.066625,82,230,55,136,644,157
2.071958,57,258,53,136,667,142
2.07725,78,243,52,152,606,140
2.082583,69,240,55,140,584,139
2.087917,79,232,73,145,609,140
2.09325,59,255,62,141,642,145
2.098583,77,236,67,127,712,133
2.103917,70,223,58,150,799,152
2.10925,71,208,61,149,803,143
2.114542,75,221,49,155,803,149
2.119875,55,180,61,149,786,152
2.125208,80,252,51,151,763,162
2.130542,75,247,56,139,683,156
2.135875,74,262,55,154,651,128
2.141208,82,245,60,137,673,181
2.146542,88,228,56,140,787,169
2.151875,81,224,60,155,860,138
2.157167,77,224,64,153,975,157
2.1625,70,180,79,147,957,154
2.167833,60,211,62,148,907,155
2.173167,69,232,57,151,918,149
2.1785,72,255,59,141,835,142
2.183833,79,231,66,148,806,170
2.189167,72,232,67,141,972,139
2.194458,72,188,51,152,1072,186
2.199792,76,218,48,150,970,170
2.205125,72,233,62,164,984,137
2.210458,69,215,67,146,1143,153
2.215792,61,193,66,177,1246,162
2.221125,85,205,49,174,1176,173
2.226458,67,215,60,153,985,184
2.231792,69,249,59,155,886,155
2.237083,64,215,54,136,896,150
2.242417,81,238,61,151,1011,142
2.24775,69,209,77,144,1157,173
2.253083,80,198,59,157,1193,159
2.258417,84,195,73,168,1105,163
2.26375,71,223,64,149,946,163
2.269083,80,235,56,162,937,128
2.274417,75,214,59,166,1124,155
2.279708,76,186,73,168,1165,145
2.285042,88,173,73,177,1274,164
2.290375,70,193,73,165,1136,182
2.295708,81,190,54,153,1046,149
2.301042,72,216,63,150,1186,161
2.306375,72,230,55,186,1215,167
2.311708,78,228,65,184,1225,178
2.317,77,218,68,163,1099,159
2.322333,68,210,68,169,1004,155
2.327667,78,243,70,148,944,156
2.333,72,210,61,155,1126,143
2.338333,63,215,53,166,1169,158
2.343667,77,187,60,158,1157,156
2.349,74,191,73,155,1074,191
2.354292,79,219,64,163,994,149
2.359625,80,230,65,175,1099,156
2.364958,59,200,59,165,1171,154
2.370292,77,224,62,171,1242,164
2.375625,80,192,58,168,1206,177
2.380958,59,202,52,162,1139,150
2.386292,74,222,61,161,1253,170
2.391625,80,193,62,167,1268,155
2.396958,77,233,58,178,1238,182
2.40225,81,239,63,168,1081,168
2.407583,67,228,67,171,942,138
2.412917,81,256,59,145,967,154
2.41825,72,223,70,138,1085,159
2.423583,87,220,50,148,1204,145
2.428917,70,184,60,165,1163,165
2.43425,72,242,61,160,1147,180
2.439542,78,246,65,171,1028,161
2.444875,78,233,67,165,1118,154
2.450208,86,225,73,175,1130,169
2.455542,76,239,62,167,1166,156
2.460875,67,230,52,142,1110,159
2.466208,65,210,64,164,1165,158
2.471542,73,218,73,185,1252,161
2.476833,74,217,65,185,1315,152
2.482167,83,223,81,146,1239,158
2.4875,81,239,57,135,1107,132
2.492833,71,203,69,169,1016,141
2.498167,68,243,63,154,1152,161
2.5035,69,224,61,148,1252,160
2.508833,66,202,71,163,1215,166
2.514167,69,212,59,180,1181,154
2.519458,59,227,73,165,1105,157
2.524792,66,212,63,148,1174,161
2.530125,77,203,63,168,1295,150
2.535458,70,201,59,159,1286,147
2.540792,72,199,80,157,1275,153
2.546125,65,151,57,157,1307,147
2.551458,67,192,57,168,1347,164
2.556792,69,230,60,186,1239,160
2.562083,83,263,70,170,1170,157
2.567417,79,226,72,161,1081,186
2.57275,82,250,52,164,991,160
2.578083,68,256,58,152,1000,170
2.583417,63,235,73,166,1187,161
2.58875,72,215,69,182,1229,159
2.594083,68,213,71,166,1191,158
2.599375,73,256,68,172,1154,148
2.604708,78,215,66,152,1334,153
2.610042,70,185,71,187,1314,162
2.615375,78,223,70,160,1277,157
2.620708,74,199,51,147,1150,144
2.626042,70,234,71,148,1073,158
2.631375,71,223,59,162,1192,151
2.636708,68,213,54,166,1323,159
2.642,68,194,68,170,1487,146
2.647333,69,176,71,175,1389,183
2.652667,55,193,74,183,1327,176
2.658,71,197,72,179,1317,181
2.663333,71,217,78,147,1272,176
2.668667,77,223,56,178,1302,156
2.674,62,215,65,172,1196,147
2.679292,77,219,51,153,1222,145
2.684625,71,206,59,151,1210,139
2.689958,68,225,63,154,1218,152
2.695292,68,196,68,158,1288,152
2.700625,64,238,60,154,1306,155
2.705958,63,239,73,178,1247,135
2.711292,65,225,59,154,1138,137
2.716625,67,232,62,168,1003,138
2.721958,70,221,57,156,1113,151
2.72725,63,180,63,152,1378,138
2.732583,65,179,64,151,1360,163
2.737917,60,190,64,152,1399,141
2.74325,64,197,50,139,1179,142
2.748583,63,187,63,161,1241,147
2.753917,71,225,61,159,1288,150
2.75925,72,192,66,168,1357,167
2.764542,70,188,57,167,1287,161
2.769875,76,193,63,174,1431,143
2.775208,62,204,57,162,1432,150
2.780542,70,187,62,159,1343,156
2.785875,71,175,61,168,1403,163
2.791208,68,203,56,178,1367,144
2.796542,64,230,62,150,1218,143
2.801833,63,233,50,165,1098,148
2.807167,65,219,63,179,1174,157
2.8125,69,212,57,146,1396,170
2.817833,71,222,51,182,1305,142
2.823167,73,214,66,166,1274,162
2.8285,65,205,58,159,1297,169
2.833833,70,204,56,169,1205,157
2.839125,74,195,60,187,1183,153
2.844458,63,200,57,166,1412,154
2.849792,65,211,61,191,1395,149
2.855125,57,194,54,169,1352,154
2.860458,82,214,58,174,1163,145
2.865792,62,218,67,154,1173,168
2.871125,61,185,56,170,1293,135
2.876458,71,211,66,188,1353,173
2.881792,64,166,56,166,1400,144
2.887083,68,197,67,168,1294,159
2.892417,71,211,69,171,1117,148
2.89775,66,218,63,165,1142,135
2.903083,81,196,62,166,1345,151
2.908417,68,206,64,175,1412,166
2.91375,63,213,73,147,1342,160
2.919083,65,207,53,173,1281,155
2.924375,63,199,62,171,1344,153
2.929708,68,208,60,173,1378,162
2.935042,69,235,55,173,1252,164
2.940375,71,231,69,144,1295,150
2.945708,87,232,76,166,1372,144
2.951042,65,215,60,180,1324,162
2.956375,86,235,69,177,1311,178
2.961667,85,231,72,160,1162,162
2.967,73,227,58,165,1237,155
2.972333,68,216,57,182,1431,168
2.977667,81,217,71,151,1367,161
2.983,70,197,72,164,1323,170
2.988333,72,243,69,167,1159,171
2.993667,86,207,58,167,1235,178
2.998958,79,209,56,166,1345,168
3.004292,68,213,57,156,1421,152
3.009625,68,216,59,160,1362,178
3.014958,69,239,64,164,1196,162
3.020292,57,242,70,154,1121,147
3.025625,77,244,65,162,1265,141
3.030958,82,220,63,160,1231,140
3.036292,73,240,63,158,1170,153
3.041625,77,205,69,167,1204,171
3.046917,68,239,58,159,1194,155
3.05225,74,233,55,150,1151,134
3.057583,61,238,61,143,1179,156
3.062917,73,202,64,151,1243,157
3.06825,67,221,63,166,1249,160
3.073583,84,278,71,174,1032,185
3.078917,71,222,63,149,1141,143
3.084208,62,185,51,160,1295,155
3.089542,77,207,58,197,1373,151
3.094875,70,201,45,155,1365,149
3.100208,70,219,68,183,1361,151
3.105542,74,205,61,184,1360,186
3.110875,68,185,55,166,1386,146
3.116208,76,207,56,168,1288,136
3.1215,64,189,61,174,1297,127
3.126833,66,246,57,161,1188,147
3.132167,68,231,56,154,1150,154
3.1375,64,245,53,147,1086,151
3.142833,79,237,55,165,1140,147
3.148167,61,220,64,153,1207,155
3.1535,68,227,57,170,1303,168
3.158833,66,252,57,162,1090,144
3.164125,76,228,59,149,1176,154
3.169458,71,205,64,170,1306,155
3.174792,57,192,58,164,1325,180
3.180125,70,202,65,161,1427,160
3.185458,63,198,55,168,1268,167
3.190792,78,205,58,165,1181,138
3.196125,62,232,53,175,1181,134
3.201458,69,196,56,158,1295,143
3.20675,74,206,71,184,1350,178
3.212083,61,195,55,171,1309,164
3.217417,69,197,62,183,1393,151
3.22275,69,214,48,159,1211,148
3.228083,60,174,59,184,1284,148
3.233417,61,184,65,164,1373,143
3.23875,79,194,61,157,1345,147
3.244042,65,213,67,176,1395,138
3.249375,75,207,69,169,1287,162
3.254708,77,231,70,154,1336,147
3.260042,66,219,60,150,1286,146
3.265375,60,211,60,175,1388,163
3.270708,73,207,49,152,1298,149
3.276042,72,235,60,157,1156,132
3.281333,72,254,65,153,1054,173
3.286667,73,225,56,152,1237,147
3.292,62,184,53,170,1327,152
3.297333,73,201,73,156,1399,143
3.302667,63,224,59,155,1271,146
3.308,63,196,55,157,1321,170
3.313333,63,192,63,175,1397,150
3.318667,58,234,52,159,1377,131
3.323958,61,197,50,159,1337,147
3.329292,77,186,52,157,1373,137
3.334625,67,189,53,148,1393,141
3.339958,67,199,53,162,1364,166
3.345292,67,259,76,162,1234,128
3.350625,72,210,62,160,1240,163
3.355958,71,219,57,182,1323,159
3.361292,73,208,60,180,1270,150
3.366583,70,214,70,151,1291,144
3.371917,57,215,58,153,1320,147
3.37725,68,221,61,155,1370,172
3.382583,65,206,65,182,1281,142
3.387917,70,217,58,156,1265,152
3.39325,84,254,74,180,1337,152
3.398583,68,197,73,196,1379,142
3.403917,65,208,61,179,1388,177
3.409208,1971,444,830,2574,5073,68635
3.414542,3620,779,1701,2810,3474,254925
3.419875,3533,1014,1879,2531,3481,232434
3.425208,2684,912,1546,2110,3567,165827
3.430542,1382,571,774,1292,2728,91123
3.435875,941,450,561,1016,2749,62389
3.441208,669,352,365,819,2780,38798
3.4465,536,292,315,807,2636,31241
3.451833,427,287,228,675,2309,22990
3.457167,361,260,213,614,2206,18288
3.4625,418,262,230,689,2572,19684
3.467833,371,244,192,659,2708,17444
3.473167,260,228,168,489,2482,12617
3.4785,195,207,115,423,2101,8389
3.483792,130,214,88,285,1593,4391
3.489125,134,248,98,336,1721,4887
3.494458,154,195,94,369,2116,6349
3.499792,154,178,97,356,2105,5767
3.505125,139,176,91,342,2105,5093
3.510458,115,215,70,258,1662,3128
3.515792,103,248,72,248,1556,2578
3.521125,107,212,81,255,1738,3244
3.526417,105,217,81,311,1729,3267
3.53175,109,180,85,286,1838,2963
3.537083,96,221,79,242,1767,2527
3.542417,101,181,92,248,1758,2445
3.54775,93,196,86,260,1883,2401
3.553083,95,209,69,264,1842,1979
3.558417,78,201,78,230,1660,1658
3.563708,86,268,61,196,1429,1099
3.569042,74,235,61,210,1358,694
3.574375,70,213,67,212,1494,887
3.579708,89,218,64,211,1528,1112
3.585042,79,205,66,199,1616,1044
3.590375,76,196,64,197,1534,1032
3.595708,74,202,50,204,1335,798
3.601042,74,214,55,187,1442,914
3.606333,68,191,54,203,1560,1057
3.611667,83,220,70,208,1527,861
3.617,61,223,49,164,1372,680
3.622333,73,243,46,181,1206,504
3.627667,80,235,49,172,1225,360
3.633,71,240,57,162,1289,429
3.638333,71,227,66,193,1429,761
3.643625,81,206,58,208,1577,841
3.648958,81,194,64,194,1599,861
3.654292,78,222,52,195,1526,724
3.659625,69,231,45,156,1257,430
3.664958,67,226,63,171,1400,596
3.670292,63,211,57,173,1481,644
3.675625,76,202,53,197,1551,682
3.680958,84,228,59,190,1450,691
3.68625,78,223,67,174,1568,750
3.691583,75,211,71,192,1636,878
3.696917,83,195,58,192,1590,848
3.70225,81,201,81,192,1551,725
3.707583,61,234,57,175,1348,470
3.712917,65,212,60,162,1166,290
3.71825,79,217,58,175,1288,440
3.723542,80,255,73,200,1386,609
3.728875,66,211,66,195,1527,592
3.734208,69,197,54,185,1462,652
3.739542,74,263,77,182,1277,477
3.744875,72,224,58,171,1334,480
3.750208,83,193,68,170,1418,602
3.755542,79,215,72,201,1422,693
3.760875,78,173,55,187,1443,584
3.766167,92,205,58,200,1528,652
3.7715,71,199,67,201,1566,638
3.776833,67,221,54,185,1509,594
3.782167,78,224,64,175,1399,507
3.7875,72,243,63,186,1338,397
3.792833,74,232,60,173,1190,307
3.798167,54,241,56,187,1227,290
3.803458,78,248,59,173,1287,418
3.808792,77,245,57,184,1338,456
3.814125,76,260,52,190,1395,484
3.819458,85,211,73,179,1497,566
3.824792,71,202,50,196,1546,633
3.830125,81,228,68,174,1469,555
3.835458,88,239,72,182,1184,380
3.840792,86,238,64,167,1154,256
3.846083,65,242,66,143,1128,283
3.851417,86,235,63,184,1278,445
3.85675,88,193,65,170,1502,546
3.862083,79,195,71,187,1451,510
3.867417,78,246,63,182,1287,420
3.87275,75,240,73,161,1201,345
3.878083,71,202,76,180,1371,460
3.883417,82,227,66,146,1461,462
3.888708,80,206,81,207,1447,480
3.894042,67,240,71,182,1448,472
3.899375,70,246,59,181,1154,360
3.904708,76,212,72,141,1271,346
3.910042,67,239,80,174,1365,468
3.915375,78,195,62,174,1414,510
3.920708,67,199,68,181,1428,488
3.926,85,174,65,158,1429,506
3.931333,68,203,59,176,1405,440
3.936667,76,200,57,185,1346,466
3.942,70,200,60,182,1510,503
3.947333,66,234,66,187,1396,496
3.952667,76,230,56,172,1389,372
3.958,60,253,57,175,1242,315
3.963292,64,251,69,158,1243,310
3.968625,65,230,58,183,1247,311
3.973958,64,220,78,180,1304,369
3.979292,80,232,63,178,1244,357
3.984625,75,248,61,172,1240,337
3.989958,84,249,77,166,1273,324
3.995292,71,190,70,191,1466,435
4.000625,69,211,58,175,1393,479
4.005917,63,212,61,189,1393,430
4.01125,69,200,55,168,1410,397
4.016583,67,253,60,182,1224,321
4.021917,86,258,72,165,1130,257
4.02725,74,239,63,170,1239,292
4.032583,70,235,72,163,1240,302
4.037917,81,225,74,181,1280,336
4.04325,76,250,69,167,1220,279
4.048542,73,259,65,191,1226,268
4.053875,78,265,53,160,1132,237
4.059208,65,249,61,168,1145,274
4.064542,68,209,48,176,1265,298
4.069875,79,224,59,194,1339,354
4.075208,65,221,52,179,1263,311
4.080542,73,248,61,156,1137,280
4.085833,80,210,62,171,1203,338
4.091167,66,231,64,184,1397,382
4.0965,77,177,67,170,1339,424
4.101833,60,205,61,159,1371,378
4.107167,73,200,69,148,1401,399
4.1125,72,190,66,188,1409,409
4.117833,66,200,70,159,1544,396
4.123125,63,171,61,185,1486,381
4.128458,90,242,62,172,1346,307
4.133792,69,252,58,166,1158,223
4.139125,67,247,61,178,1268,262
4.144458,69,231,62,178,1230,297
4.149792,63,224,40,175,1336,349
4.155125,76,235,71,177,1338,330
4.160458,64,212,60,190,1208,279
4.16575,83,241,75,162,1184,274
4.171083,73,213,67,168,1313,336
4.176417,70,193,65,184,1314,389
4.18175,72,194,70,175,1378,357
4.187083,72,213,58,208,1408,350
4.192417,71,216,56,180,1467,393
4.19775,75,221,54,181,1444,377
4.203083,67,198,59,173,1473,338
4.208375,82,220,51,165,1353,328
4.213708,77,230,71,164,1258,290
4.219042,78,248,69,165,1144,246
4.224375,71,258,68,152,1136,245
4.229708,79,257,78,170,1129,242
4.235042,82,250,76,162,1160,280
4.240375,86,232,71,173,1354,305
4.245667,78,247,70,166,1267,318
4.251,71,207,60,177,1266,286
4.256333,88,226,79,185,1315,321
4.261667,74,198,77,177,1424,334
4.267,77,221,73,181,1309,335
4.272333,76,211,72,181,1359,332